clip_id,source_dataset,filepath,skater_id,stance,original_label,trick_name,category,phase1_eligible,outcome,outcome_source,width,height,fps,total_frames,duration_sec,quality_flag,split,tracking_eligible,temporal_high_speed,pilot_set
archive_0001,archive_highspeed,data/raw_videos/archive_highspeed/basic_trick/Frontshuvit/Fshuvit_1.mov,player_a,goofy,FrontShuvit,frontside_shuvit,shuv_trick,True,land,label_metadata,1920,1080,106.89,505,4.72,pass,train,True,True,False
archive_0002,archive_highspeed,data/raw_videos/archive_highspeed/basic_trick/Frontshuvit/Fshuvit_10.mov,player_a,goofy,FrontShuvit,frontside_shuvit,shuv_trick,True,land,label_metadata,1920,1080,118.05,299,2.53,pass,train,True,True,False
archive_0003,archive_highspeed,data/raw_videos/archive_highspeed/basic_trick/Frontshuvit/Fshuvit_11.mov,player_a,goofy,FrontShuvit,frontside_shuvit,shuv_trick,True,land,label_metadata,1920,1080,107.3,422,3.93,pass,train,True,True,False
archive_0004,archive_highspeed,data/raw_videos/archive_highspeed/basic_trick/Frontshuvit/Fshuvit_12.mov,player_a,goofy,FrontShuvit,frontside_shuvit,shuv_trick,True,land,label_metadata,1920,1080,104.3,365,3.5,pass,train,True,True,False
archive_0005,archive_highspeed,data/raw_videos/archive_highspeed/basic_trick/Frontshuvit/Fshuvit_13.mov,player_a,goofy,FrontShuvit,frontside_shuvit,shuv_trick,True,land,label_metadata,1920,1080,104.91,342,3.26,pass,train,True,True,False
archive_0006,archive_highspeed,data/raw_videos/archive_highspeed/basic_trick/Frontshuvit/Fshuvit_14.mov,player_a,goofy,FrontShuvit,frontside_shuvit,shuv_trick,True,land,label_metadata,1920,1080,107.47,293,2.73,pass,train,True,True,False
archive_0007,archive_highspeed,data/raw_videos/archive_highspeed/basic_trick/Frontshuvit/Fshuvit_15.mov,player_a,goofy,FrontShuvit,frontside_shuvit,shuv_trick,True,land,label_metadata,1920,1080,101.95,326,3.2,pass,train,True,True,False
archive_0008,archive_highspeed,data/raw_videos/archive_highspeed/basic_trick/Frontshuvit/Fshuvit_16.mov,player_a,goofy,FrontShuvit,frontside_shuvit,shuv_trick,True,land,label_metadata,1920,1080,108.2,403,3.72,pass,train,True,True,False
archive_0009,archive_highspeed,data/raw_videos/archive_highspeed/basic_trick/Frontshuvit/Fshuvit_17.mov,player_a,goofy,FrontShuvit,frontside_shuvit,shuv_trick,True,land,label_metadata,1920,1080,117.73,412,3.5,pass,train,True,True,False
archive_0010,archive_highspeed,data/raw_videos/archive_highspeed/basic_trick/Frontshuvit/Fshuvit_18.mov,player_a,goofy,FrontShuvit,frontside_shuvit,shuv_trick,True,land,label_metadata,1920,1080,112.74,372,3.3,pass,train,True,True,False
archive_0011,archive_highspeed,data/raw_videos/archive_highspeed/basic_trick/Frontshuvit/Fshuvit_19.mov,player_a,goofy,FrontShuvit,frontside_shuvit,shuv_trick,True,land,label_metadata,1920,1080,117.54,372,3.17,pass,train,True,True,False
archive_0012,archive_highspeed,data/raw_videos/archive_highspeed/basic_trick/Frontshuvit/Fshuvit_2.mov,player_a,goofy,FrontShuvit,frontside_shuvit,shuv_trick,True,land,label_metadata,1920,1080,109.1,400,3.67,pass,train,True,True,False
archive_0013,archive_highspeed,data/raw_videos/archive_highspeed/basic_trick/Frontshuvit/Fshuvit_20.mov,player_a,goofy,FrontShuvit,frontside_shuvit,shuv_trick,True,land,label_metadata,1920,1080,107.77,387,3.59,pass,train,True,True,False
archive_0014,archive_highspeed,data/raw_videos/archive_highspeed/basic_trick/Frontshuvit/Fshuvit_21.mov,player_a,goofy,FrontShuvit,frontside_shuvit,shuv_trick,True,land,label_metadata,1920,1080,118.74,466,3.92,pass,train,True,True,False
archive_0015,archive_highspeed,data/raw_videos/archive_highspeed/basic_trick/Frontshuvit/Fshuvit_22.mov,player_a,goofy,FrontShuvit,frontside_shuvit,shuv_trick,True,land,label_metadata,1920,1080,113.51,381,3.36,pass,train,True,True,False
archive_0016,archive_highspeed,data/raw_videos/archive_highspeed/basic_trick/Frontshuvit/Fshuvit_23.mov,player_a,goofy,FrontShuvit,frontside_shuvit,shuv_trick,True,land,label_metadata,1920,1080,106.97,438,4.09,pass,train,True,True,False
archive_0017,archive_highspeed,data/raw_videos/archive_highspeed/basic_trick/Frontshuvit/Fshuvit_24.mov,player_a,goofy,FrontShuvit,frontside_shuvit,shuv_trick,True,land,label_metadata,1920,1080,116.45,449,3.86,pass,train,True,True,False
archive_0018,archive_highspeed,data/raw_videos/archive_highspeed/basic_trick/Frontshuvit/Fshuvit_25.mov,player_a,goofy,FrontShuvit,frontside_shuvit,shuv_trick,True,land,label_metadata,1920,1080,113.73,416,3.66,pass,train,True,True,False
archive_0019,archive_highspeed,data/raw_videos/archive_highspeed/basic_trick/Frontshuvit/Fshuvit_26.mov,player_a,goofy,FrontShuvit,frontside_shuvit,shuv_trick,True,land,label_metadata,1920,1080,109.41,403,3.68,pass,train,True,True,False
archive_0020,archive_highspeed,data/raw_videos/archive_highspeed/basic_trick/Frontshuvit/Fshuvit_27.mov,player_a,goofy,FrontShuvit,frontside_shuvit,shuv_trick,True,land,label_metadata,1920,1080,103.68,349,3.37,pass,train,True,True,False
archive_0021,archive_highspeed,data/raw_videos/archive_highspeed/basic_trick/Frontshuvit/Fshuvit_28.mov,player_a,goofy,FrontShuvit,frontside_shuvit,shuv_trick,True,land,label_metadata,1920,1080,119.15,300,2.52,pass,train,True,True,False
archive_0022,archive_highspeed,data/raw_videos/archive_highspeed/basic_trick/Frontshuvit/Fshuvit_29.mov,player_a,goofy,FrontShuvit,frontside_shuvit,shuv_trick,True,land,label_metadata,1920,1080,103.99,357,3.43,pass,train,True,True,False
archive_0023,archive_highspeed,data/raw_videos/archive_highspeed/basic_trick/Frontshuvit/Fshuvit_3.mov,player_a,goofy,FrontShuvit,frontside_shuvit,shuv_trick,True,land,label_metadata,1920,1080,115.78,355,3.07,pass,train,True,True,False
archive_0024,archive_highspeed,data/raw_videos/archive_highspeed/basic_trick/Frontshuvit/Fshuvit_30.mov,player_a,goofy,FrontShuvit,frontside_shuvit,shuv_trick,True,land,label_metadata,1920,1080,106.77,305,2.86,pass,train,True,True,False
archive_0025,archive_highspeed,data/raw_videos/archive_highspeed/basic_trick/Frontshuvit/Fshuvit_31.mov,player_a,goofy,FrontShuvit,frontside_shuvit,shuv_trick,True,land,label_metadata,1920,1080,115.93,323,2.79,pass,train,True,True,False
archive_0026,archive_highspeed,data/raw_videos/archive_highspeed/basic_trick/Frontshuvit/Fshuvit_32.mov,player_a,goofy,FrontShuvit,frontside_shuvit,shuv_trick,True,land,label_metadata,1920,1080,108.35,260,2.4,pass,train,True,True,False
archive_0027,archive_highspeed,data/raw_videos/archive_highspeed/basic_trick/Frontshuvit/Fshuvit_33.mov,player_a,goofy,FrontShuvit,frontside_shuvit,shuv_trick,True,land,label_metadata,1920,1080,104.36,329,3.15,pass,train,True,True,False
archive_0028,archive_highspeed,data/raw_videos/archive_highspeed/basic_trick/Frontshuvit/Fshuvit_34.mov,player_a,goofy,FrontShuvit,frontside_shuvit,shuv_trick,True,land,label_metadata,1920,1080,101.64,341,3.35,pass,train,True,True,False
archive_0029,archive_highspeed,data/raw_videos/archive_highspeed/basic_trick/Frontshuvit/Fshuvit_35.mov,player_a,goofy,FrontShuvit,frontside_shuvit,shuv_trick,True,land,label_metadata,1920,1080,100.55,250,2.49,pass,train,True,True,False
archive_0030,archive_highspeed,data/raw_videos/archive_highspeed/basic_trick/Frontshuvit/Fshuvit_36.mov,player_a,goofy,FrontShuvit,frontside_shuvit,shuv_trick,True,land,label_metadata,1920,1080,102.92,247,2.4,pass,train,True,True,False
archive_0031,archive_highspeed,data/raw_videos/archive_highspeed/basic_trick/Frontshuvit/Fshuvit_37.mov,player_a,goofy,FrontShuvit,frontside_shuvit,shuv_trick,True,land,label_metadata,1920,1080,104.2,336,3.22,pass,train,True,True,False
archive_0032,archive_highspeed,data/raw_videos/archive_highspeed/basic_trick/Frontshuvit/Fshuvit_38.mov,player_a,goofy,FrontShuvit,frontside_shuvit,shuv_trick,True,land,label_metadata,1920,1080,100.36,294,2.93,pass,train,True,True,False
archive_0033,archive_highspeed,data/raw_videos/archive_highspeed/basic_trick/Frontshuvit/Fshuvit_39.mov,player_a,goofy,FrontShuvit,frontside_shuvit,shuv_trick,True,land,label_metadata,1920,1080,106.7,294,2.76,pass,train,True,True,False
archive_0034,archive_highspeed,data/raw_videos/archive_highspeed/basic_trick/Frontshuvit/Fshuvit_4.mov,player_a,goofy,FrontShuvit,frontside_shuvit,shuv_trick,True,land,label_metadata,1920,1080,114.15,448,3.92,pass,train,True,True,False
archive_0035,archive_highspeed,data/raw_videos/archive_highspeed/basic_trick/Frontshuvit/Fshuvit_40.mov,player_a,goofy,FrontShuvit,frontside_shuvit,shuv_trick,True,land,label_metadata,1920,1080,101.53,335,3.3,pass,train,True,True,False
archive_0036,archive_highspeed,data/raw_videos/archive_highspeed/basic_trick/Frontshuvit/Fshuvit_41.mov,player_a,goofy,FrontShuvit,frontside_shuvit,shuv_trick,True,land,label_metadata,1920,1080,117.01,311,2.66,pass,train,True,True,False
archive_0037,archive_highspeed,data/raw_videos/archive_highspeed/basic_trick/Frontshuvit/Fshuvit_42.mov,player_a,goofy,FrontShuvit,frontside_shuvit,shuv_trick,True,land,label_metadata,1920,1080,101.67,338,3.32,pass,train,True,True,False
archive_0038,archive_highspeed,data/raw_videos/archive_highspeed/basic_trick/Frontshuvit/Fshuvit_43.mov,player_a,goofy,FrontShuvit,frontside_shuvit,shuv_trick,True,land,label_metadata,1920,1080,102.77,335,3.26,pass,train,True,True,False
archive_0039,archive_highspeed,data/raw_videos/archive_highspeed/basic_trick/Frontshuvit/Fshuvit_44.mov,player_a,goofy,FrontShuvit,frontside_shuvit,shuv_trick,True,land,label_metadata,1920,1080,115.42,305,2.64,pass,train,True,True,False
archive_0040,archive_highspeed,data/raw_videos/archive_highspeed/basic_trick/Frontshuvit/Fshuvit_45.mov,player_a,goofy,FrontShuvit,frontside_shuvit,shuv_trick,True,land,label_metadata,1920,1080,110.08,258,2.34,pass,train,True,True,False
archive_0041,archive_highspeed,data/raw_videos/archive_highspeed/basic_trick/Frontshuvit/Fshuvit_46.mov,player_a,goofy,FrontShuvit,frontside_shuvit,shuv_trick,True,land,label_metadata,1920,1080,100.46,302,3.01,pass,train,True,True,False
archive_0042,archive_highspeed,data/raw_videos/archive_highspeed/basic_trick/Frontshuvit/Fshuvit_47.mov,player_a,goofy,FrontShuvit,frontside_shuvit,shuv_trick,True,land,label_metadata,1920,1080,111.22,280,2.52,pass,train,True,True,False
archive_0043,archive_highspeed,data/raw_videos/archive_highspeed/basic_trick/Frontshuvit/Fshuvit_48.mov,player_a,goofy,FrontShuvit,frontside_shuvit,shuv_trick,True,land,label_metadata,1920,1080,100.35,286,2.85,pass,train,True,True,False
archive_0044,archive_highspeed,data/raw_videos/archive_highspeed/basic_trick/Frontshuvit/Fshuvit_49.mov,player_a,goofy,FrontShuvit,frontside_shuvit,shuv_trick,True,land,label_metadata,1920,1080,97.23,256,2.63,pass,train,True,True,False
archive_0045,archive_highspeed,data/raw_videos/archive_highspeed/basic_trick/Frontshuvit/Fshuvit_5.mov,player_a,goofy,FrontShuvit,frontside_shuvit,shuv_trick,True,land,label_metadata,1920,1080,114.22,434,3.8,pass,train,True,True,False
archive_0046,archive_highspeed,data/raw_videos/archive_highspeed/basic_trick/Frontshuvit/Fshuvit_50.mov,player_a,goofy,FrontShuvit,frontside_shuvit,shuv_trick,True,land,label_metadata,1920,1080,106.92,242,2.26,pass,train,True,True,False
archive_0047,archive_highspeed,data/raw_videos/archive_highspeed/basic_trick/Frontshuvit/Fshuvit_6.mov,player_a,goofy,FrontShuvit,frontside_shuvit,shuv_trick,True,land,label_metadata,1920,1080,106.01,321,3.03,pass,train,True,True,False
archive_0048,archive_highspeed,data/raw_videos/archive_highspeed/basic_trick/Frontshuvit/Fshuvit_7.mov,player_a,goofy,FrontShuvit,frontside_shuvit,shuv_trick,True,land,label_metadata,1920,1080,117.57,383,3.26,pass,train,True,True,False
archive_0049,archive_highspeed,data/raw_videos/archive_highspeed/basic_trick/Frontshuvit/Fshuvit_8.mov,player_a,goofy,FrontShuvit,frontside_shuvit,shuv_trick,True,land,label_metadata,1920,1080,119.19,333,2.79,pass,train,True,True,False
archive_0050,archive_highspeed,data/raw_videos/archive_highspeed/basic_trick/Frontshuvit/Fshuvit_9.mov,player_a,goofy,FrontShuvit,frontside_shuvit,shuv_trick,True,land,label_metadata,1920,1080,118.95,333,2.8,pass,train,True,True,False
archive_0051,archive_highspeed,data/raw_videos/archive_highspeed/basic_trick/Ollie/Ollie_1.mov,player_a,goofy,Ollie,ollie,linear,True,land,label_metadata,1920,1080,113.59,492,4.33,pass,train,True,True,True
archive_0052,archive_highspeed,data/raw_videos/archive_highspeed/basic_trick/Ollie/Ollie_10.mov,player_a,goofy,Ollie,ollie,linear,True,land,label_metadata,1920,1080,107.8,510,4.73,pass,train,True,True,True
archive_0053,archive_highspeed,data/raw_videos/archive_highspeed/basic_trick/Ollie/Ollie_11.mov,player_a,goofy,Ollie,ollie,linear,True,land,label_metadata,1920,1080,113.57,295,2.6,pass,train,True,True,False
archive_0054,archive_highspeed,data/raw_videos/archive_highspeed/basic_trick/Ollie/Ollie_12.mov,player_a,goofy,Ollie,ollie,linear,True,land,label_metadata,1920,1080,109.33,317,2.9,pass,train,True,True,False
archive_0055,archive_highspeed,data/raw_videos/archive_highspeed/basic_trick/Ollie/Ollie_13.mov,player_a,goofy,Ollie,ollie,linear,True,land,label_metadata,1920,1080,117.52,265,2.25,pass,train,True,True,False
archive_0056,archive_highspeed,data/raw_videos/archive_highspeed/basic_trick/Ollie/Ollie_14.mov,player_a,goofy,Ollie,ollie,linear,True,land,label_metadata,1920,1080,109.84,355,3.23,pass,train,True,True,False
archive_0057,archive_highspeed,data/raw_videos/archive_highspeed/basic_trick/Ollie/Ollie_15.mov,player_a,goofy,Ollie,ollie,linear,True,land,label_metadata,1920,1080,117.98,415,3.52,pass,train,True,True,False
archive_0058,archive_highspeed,data/raw_videos/archive_highspeed/basic_trick/Ollie/Ollie_16.mov,player_a,goofy,Ollie,ollie,linear,True,land,label_metadata,1920,1080,105.22,441,4.19,pass,train,True,True,False
archive_0059,archive_highspeed,data/raw_videos/archive_highspeed/basic_trick/Ollie/Ollie_17.mov,player_a,goofy,Ollie,ollie,linear,True,land,label_metadata,1920,1080,107.59,329,3.06,pass,train,True,True,False
archive_0060,archive_highspeed,data/raw_videos/archive_highspeed/basic_trick/Ollie/Ollie_18.mov,player_a,goofy,Ollie,ollie,linear,True,land,label_metadata,1920,1080,107.81,424,3.93,pass,train,True,True,False
archive_0061,archive_highspeed,data/raw_videos/archive_highspeed/basic_trick/Ollie/Ollie_19.mov,player_a,goofy,Ollie,ollie,linear,True,land,label_metadata,1920,1080,112.87,395,3.5,pass,train,True,True,False
archive_0062,archive_highspeed,data/raw_videos/archive_highspeed/basic_trick/Ollie/Ollie_2.mov,player_a,goofy,Ollie,ollie,linear,True,land,label_metadata,1920,1080,118.82,347,2.92,pass,train,True,True,False
archive_0063,archive_highspeed,data/raw_videos/archive_highspeed/basic_trick/Ollie/Ollie_20.mov,player_a,goofy,Ollie,ollie,linear,True,land,label_metadata,1920,1080,111.88,454,4.06,pass,train,True,True,False
archive_0064,archive_highspeed,data/raw_videos/archive_highspeed/basic_trick/Ollie/Ollie_21.mov,player_a,goofy,Ollie,ollie,linear,True,land,label_metadata,1920,1080,100.0,256,2.56,pass,train,True,True,False
archive_0065,archive_highspeed,data/raw_videos/archive_highspeed/basic_trick/Ollie/Ollie_22.mov,player_b,goofy,Ollie,ollie,linear,True,land,label_metadata,1920,1080,104.93,188,1.79,pass,val,True,True,False
archive_0066,archive_highspeed,data/raw_videos/archive_highspeed/basic_trick/Ollie/Ollie_23.mov,player_a,goofy,Ollie,ollie,linear,True,land,label_metadata,1920,1080,106.71,316,2.96,pass,train,True,True,False
archive_0067,archive_highspeed,data/raw_videos/archive_highspeed/basic_trick/Ollie/Ollie_24.mov,player_a,goofy,Ollie,ollie,linear,True,land,label_metadata,1920,1080,103.89,277,2.67,pass,train,True,True,False
archive_0068,archive_highspeed,data/raw_videos/archive_highspeed/basic_trick/Ollie/Ollie_25.mov,player_b,goofy,Ollie,ollie,linear,True,land,label_metadata,1920,1080,117.89,223,1.89,pass,val,True,True,False
archive_0069,archive_highspeed,data/raw_videos/archive_highspeed/basic_trick/Ollie/Ollie_26.mov,player_a,goofy,Ollie,ollie,linear,True,land,label_metadata,1920,1080,118.63,328,2.77,pass,train,True,True,False
archive_0070,archive_highspeed,data/raw_videos/archive_highspeed/basic_trick/Ollie/Ollie_27.mov,player_b,goofy,Ollie,ollie,linear,True,land,label_metadata,1920,1080,104.58,258,2.47,pass,val,True,True,False
archive_0071,archive_highspeed,data/raw_videos/archive_highspeed/basic_trick/Ollie/Ollie_28.mov,player_b,goofy,Ollie,ollie,linear,True,land,label_metadata,1920,1080,111.33,174,1.56,pass,val,True,True,False
archive_0072,archive_highspeed,data/raw_videos/archive_highspeed/basic_trick/Ollie/Ollie_29.mov,player_a,goofy,Ollie,ollie,linear,True,land,label_metadata,1920,1080,110.58,317,2.87,pass,train,True,True,False
archive_0073,archive_highspeed,data/raw_videos/archive_highspeed/basic_trick/Ollie/Ollie_3.mov,player_a,goofy,Ollie,ollie,linear,True,land,label_metadata,1920,1080,112.08,269,2.4,pass,train,True,True,False
archive_0074,archive_highspeed,data/raw_videos/archive_highspeed/basic_trick/Ollie/Ollie_30.mov,player_a,goofy,Ollie,ollie,linear,True,land,label_metadata,1920,1080,107.23,306,2.85,pass,train,True,True,False
archive_0075,archive_highspeed,data/raw_videos/archive_highspeed/basic_trick/Ollie/Ollie_31.mov,player_a,goofy,Ollie,ollie,linear,True,land,label_metadata,1920,1080,113.61,247,2.17,pass,train,True,True,False
archive_0076,archive_highspeed,data/raw_videos/archive_highspeed/basic_trick/Ollie/Ollie_32.mov,player_a,goofy,Ollie,ollie,linear,True,land,label_metadata,1920,1080,111.61,264,2.37,pass,train,True,True,False
archive_0077,archive_highspeed,data/raw_videos/archive_highspeed/basic_trick/Ollie/Ollie_33.mov,player_a,goofy,Ollie,ollie,linear,True,land,label_metadata,1920,1080,109.99,228,2.07,pass,train,True,True,False
archive_0078,archive_highspeed,data/raw_videos/archive_highspeed/basic_trick/Ollie/Ollie_34.mov,player_a,goofy,Ollie,ollie,linear,True,land,label_metadata,1920,1080,107.5,274,2.55,pass,train,True,True,False
archive_0079,archive_highspeed,data/raw_videos/archive_highspeed/basic_trick/Ollie/Ollie_35.mov,player_a,goofy,Ollie,ollie,linear,True,land,label_metadata,1920,1080,114.34,300,2.62,pass,train,True,True,False
archive_0080,archive_highspeed,data/raw_videos/archive_highspeed/basic_trick/Ollie/Ollie_36.mov,player_a,goofy,Ollie,ollie,linear,True,land,label_metadata,1920,1080,117.03,205,1.75,pass,train,True,True,False
archive_0081,archive_highspeed,data/raw_videos/archive_highspeed/basic_trick/Ollie/Ollie_37.mov,player_a,goofy,Ollie,ollie,linear,True,land,label_metadata,1920,1080,106.18,302,2.84,pass,train,True,True,False
archive_0082,archive_highspeed,data/raw_videos/archive_highspeed/basic_trick/Ollie/Ollie_38.mov,player_a,goofy,Ollie,ollie,linear,True,land,label_metadata,1920,1080,109.6,304,2.77,pass,train,True,True,False
archive_0083,archive_highspeed,data/raw_videos/archive_highspeed/basic_trick/Ollie/Ollie_39.mov,player_a,goofy,Ollie,ollie,linear,True,land,label_metadata,1920,1080,119.42,197,1.65,pass,train,True,True,False
archive_0084,archive_highspeed,data/raw_videos/archive_highspeed/basic_trick/Ollie/Ollie_4.mov,player_a,goofy,Ollie,ollie,linear,True,land,label_metadata,1920,1080,119.11,396,3.32,pass,train,True,True,False
archive_0085,archive_highspeed,data/raw_videos/archive_highspeed/basic_trick/Ollie/Ollie_40.mov,player_a,goofy,Ollie,ollie,linear,True,land,label_metadata,1920,1080,118.54,232,1.96,pass,train,True,True,False
archive_0086,archive_highspeed,data/raw_videos/archive_highspeed/basic_trick/Ollie/Ollie_41.mov,player_a,goofy,Ollie,ollie,linear,True,land,label_metadata,1920,1080,113.52,248,2.18,pass,train,True,True,False
archive_0087,archive_highspeed,data/raw_videos/archive_highspeed/basic_trick/Ollie/Ollie_42.mov,player_a,goofy,Ollie,ollie,linear,True,land,label_metadata,1920,1080,115.49,228,1.97,pass,train,True,True,False
archive_0088,archive_highspeed,data/raw_videos/archive_highspeed/basic_trick/Ollie/Ollie_43.mov,player_a,goofy,Ollie,ollie,linear,True,land,label_metadata,1920,1080,116.64,215,1.84,pass,train,True,True,False
archive_0089,archive_highspeed,data/raw_videos/archive_highspeed/basic_trick/Ollie/Ollie_44.mov,player_a,goofy,Ollie,ollie,linear,True,land,label_metadata,1920,1080,109.92,217,1.97,pass,train,True,True,False
archive_0090,archive_highspeed,data/raw_videos/archive_highspeed/basic_trick/Ollie/Ollie_45.mov,player_a,goofy,Ollie,ollie,linear,True,land,label_metadata,1920,1080,106.13,274,2.58,pass,train,True,True,False
archive_0091,archive_highspeed,data/raw_videos/archive_highspeed/basic_trick/Ollie/Ollie_46.mov,player_a,goofy,Ollie,ollie,linear,True,land,label_metadata,1920,1080,102.1,277,2.71,pass,train,True,True,False
archive_0092,archive_highspeed,data/raw_videos/archive_highspeed/basic_trick/Ollie/Ollie_47.mov,player_a,goofy,Ollie,ollie,linear,True,land,label_metadata,1920,1080,99.4,281,2.83,pass,train,True,True,False
archive_0093,archive_highspeed,data/raw_videos/archive_highspeed/basic_trick/Ollie/Ollie_48.mov,player_a,goofy,Ollie,ollie,linear,True,land,label_metadata,1920,1080,110.14,210,1.91,pass,train,True,True,False
archive_0094,archive_highspeed,data/raw_videos/archive_highspeed/basic_trick/Ollie/Ollie_49.mov,player_a,goofy,Ollie,ollie,linear,True,land,label_metadata,1920,1080,105.47,201,1.91,pass,train,True,True,False
archive_0095,archive_highspeed,data/raw_videos/archive_highspeed/basic_trick/Ollie/Ollie_5.mov,player_a,goofy,Ollie,ollie,linear,True,land,label_metadata,1920,1080,114.17,410,3.59,pass,train,True,True,False
archive_0096,archive_highspeed,data/raw_videos/archive_highspeed/basic_trick/Ollie/Ollie_50.mov,player_a,goofy,Ollie,ollie,linear,True,land,label_metadata,1920,1080,104.89,329,3.14,pass,train,True,True,False
archive_0097,archive_highspeed,data/raw_videos/archive_highspeed/basic_trick/Ollie/Ollie_51.mov,player_a,goofy,Ollie,ollie,linear,True,land,label_metadata,1920,1080,107.47,332,3.09,pass,train,True,True,False
archive_0098,archive_highspeed,data/raw_videos/archive_highspeed/basic_trick/Ollie/Ollie_52.mov,player_a,goofy,Ollie,ollie,linear,True,land,label_metadata,1920,1080,104.81,268,2.56,pass,train,True,True,False
archive_0099,archive_highspeed,data/raw_videos/archive_highspeed/basic_trick/Ollie/Ollie_6.mov,player_a,goofy,Ollie,ollie,linear,True,land,label_metadata,1920,1080,117.87,385,3.27,pass,train,True,True,False
archive_0100,archive_highspeed,data/raw_videos/archive_highspeed/basic_trick/Ollie/Ollie_7.mov,player_a,goofy,Ollie,ollie,linear,True,land,label_metadata,1920,1080,109.31,400,3.66,pass,train,True,True,False
archive_0101,archive_highspeed,data/raw_videos/archive_highspeed/basic_trick/Ollie/Ollie_8.mov,player_a,goofy,Ollie,ollie,linear,True,land,label_metadata,1920,1080,112.33,336,2.99,pass,train,True,True,False
archive_0102,archive_highspeed,data/raw_videos/archive_highspeed/basic_trick/Ollie/Ollie_9.mov,player_a,goofy,Ollie,ollie,linear,True,land,label_metadata,1920,1080,114.57,381,3.33,pass,train,True,True,False
archive_0103,archive_highspeed,data/raw_videos/archive_highspeed/basic_trick/Shuvit/Shuvit_1.mov,player_a,goofy,Shuvit,pop_shuvit,shuv_trick,True,land,label_metadata,1920,1080,102.26,333,3.26,pass,train,True,True,False
archive_0104,archive_highspeed,data/raw_videos/archive_highspeed/basic_trick/Shuvit/Shuvit_10.mov,player_a,goofy,Shuvit,pop_shuvit,shuv_trick,True,land,label_metadata,1920,1080,116.47,441,3.79,pass,train,True,True,False
archive_0105,archive_highspeed,data/raw_videos/archive_highspeed/basic_trick/Shuvit/Shuvit_11.mov,player_a,goofy,Shuvit,pop_shuvit,shuv_trick,True,land,label_metadata,1920,1080,108.65,191,1.76,pass,train,True,True,False
archive_0106,archive_highspeed,data/raw_videos/archive_highspeed/basic_trick/Shuvit/Shuvit_12.mov,player_a,goofy,Shuvit,pop_shuvit,shuv_trick,True,land,label_metadata,1920,1080,100.94,238,2.36,pass,train,True,True,False
archive_0107,archive_highspeed,data/raw_videos/archive_highspeed/basic_trick/Shuvit/Shuvit_13.mov,player_a,goofy,Shuvit,pop_shuvit,shuv_trick,True,land,label_metadata,1920,1080,98.19,199,2.03,pass,train,True,True,False
archive_0108,archive_highspeed,data/raw_videos/archive_highspeed/basic_trick/Shuvit/Shuvit_14.mov,player_a,goofy,Shuvit,pop_shuvit,shuv_trick,True,land,label_metadata,1920,1080,103.18,288,2.79,pass,train,True,True,False
archive_0109,archive_highspeed,data/raw_videos/archive_highspeed/basic_trick/Shuvit/Shuvit_15.mov,player_a,goofy,Shuvit,pop_shuvit,shuv_trick,True,land,label_metadata,1920,1080,117.31,218,1.86,pass,train,True,True,False
archive_0110,archive_highspeed,data/raw_videos/archive_highspeed/basic_trick/Shuvit/Shuvit_16.mov,player_a,goofy,Shuvit,pop_shuvit,shuv_trick,True,land,label_metadata,1920,1080,108.32,338,3.12,pass,train,True,True,False
archive_0111,archive_highspeed,data/raw_videos/archive_highspeed/basic_trick/Shuvit/Shuvit_17.mov,player_a,goofy,Shuvit,pop_shuvit,shuv_trick,True,land,label_metadata,1920,1080,96.32,244,2.53,pass,train,True,True,False
archive_0112,archive_highspeed,data/raw_videos/archive_highspeed/basic_trick/Shuvit/Shuvit_18.mov,player_a,goofy,Shuvit,pop_shuvit,shuv_trick,True,land,label_metadata,1920,1080,116.88,335,2.87,pass,train,True,True,False
archive_0113,archive_highspeed,data/raw_videos/archive_highspeed/basic_trick/Shuvit/Shuvit_19.mov,player_a,goofy,Shuvit,pop_shuvit,shuv_trick,True,land,label_metadata,1920,1080,103.79,211,2.03,pass,train,True,True,False
archive_0114,archive_highspeed,data/raw_videos/archive_highspeed/basic_trick/Shuvit/Shuvit_2.mov,player_a,goofy,Shuvit,pop_shuvit,shuv_trick,True,land,label_metadata,1920,1080,111.09,336,3.02,pass,train,True,True,False
archive_0115,archive_highspeed,data/raw_videos/archive_highspeed/basic_trick/Shuvit/Shuvit_20.mov,player_a,goofy,Shuvit,pop_shuvit,shuv_trick,True,land,label_metadata,1920,1080,99.77,272,2.73,pass,train,True,True,False
archive_0116,archive_highspeed,data/raw_videos/archive_highspeed/basic_trick/Shuvit/Shuvit_21.mov,player_a,goofy,Shuvit,pop_shuvit,shuv_trick,True,land,label_metadata,1920,1080,110.19,245,2.22,pass,train,True,True,False
archive_0117,archive_highspeed,data/raw_videos/archive_highspeed/basic_trick/Shuvit/Shuvit_22.mov,player_a,goofy,Shuvit,pop_shuvit,shuv_trick,True,land,label_metadata,1920,1080,109.13,371,3.4,pass,train,True,True,False
archive_0118,archive_highspeed,data/raw_videos/archive_highspeed/basic_trick/Shuvit/Shuvit_23.mov,player_a,goofy,Shuvit,pop_shuvit,shuv_trick,True,land,label_metadata,1920,1080,114.29,175,1.53,pass,train,True,True,False
archive_0119,archive_highspeed,data/raw_videos/archive_highspeed/basic_trick/Shuvit/Shuvit_24.mov,player_a,goofy,Shuvit,pop_shuvit,shuv_trick,True,land,label_metadata,1920,1080,103.64,272,2.62,pass,train,True,True,False
archive_0120,archive_highspeed,data/raw_videos/archive_highspeed/basic_trick/Shuvit/Shuvit_25.mov,player_a,goofy,Shuvit,pop_shuvit,shuv_trick,True,land,label_metadata,1920,1080,106.21,218,2.05,pass,train,True,True,False
archive_0121,archive_highspeed,data/raw_videos/archive_highspeed/basic_trick/Shuvit/Shuvit_26.mov,player_a,goofy,Shuvit,pop_shuvit,shuv_trick,True,land,label_metadata,1920,1080,104.14,311,2.99,pass,train,True,True,False
archive_0122,archive_highspeed,data/raw_videos/archive_highspeed/basic_trick/Shuvit/Shuvit_27.mov,player_a,goofy,Shuvit,pop_shuvit,shuv_trick,True,land,label_metadata,1920,1080,101.7,261,2.57,pass,train,True,True,False
archive_0123,archive_highspeed,data/raw_videos/archive_highspeed/basic_trick/Shuvit/Shuvit_28.mov,player_a,goofy,Shuvit,pop_shuvit,shuv_trick,True,land,label_metadata,1920,1080,107.83,398,3.69,pass,train,True,True,False
archive_0124,archive_highspeed,data/raw_videos/archive_highspeed/basic_trick/Shuvit/Shuvit_29.mov,player_a,goofy,Shuvit,pop_shuvit,shuv_trick,True,land,label_metadata,1920,1080,103.19,340,3.29,pass,train,True,True,False
archive_0125,archive_highspeed,data/raw_videos/archive_highspeed/basic_trick/Shuvit/Shuvit_3.mov,player_a,goofy,Shuvit,pop_shuvit,shuv_trick,True,land,label_metadata,1920,1080,109.53,328,2.99,pass,train,True,True,False
archive_0126,archive_highspeed,data/raw_videos/archive_highspeed/basic_trick/Shuvit/Shuvit_30.mov,player_a,goofy,Shuvit,pop_shuvit,shuv_trick,True,land,label_metadata,1920,1080,100.28,287,2.86,pass,train,True,True,False
archive_0127,archive_highspeed,data/raw_videos/archive_highspeed/basic_trick/Shuvit/Shuvit_31.mov,player_a,goofy,Shuvit,pop_shuvit,shuv_trick,True,land,label_metadata,1920,1080,114.29,259,2.27,pass,train,True,True,False
archive_0128,archive_highspeed,data/raw_videos/archive_highspeed/basic_trick/Shuvit/Shuvit_32.mov,player_a,goofy,Shuvit,pop_shuvit,shuv_trick,True,land,label_metadata,1920,1080,100.83,289,2.87,pass,train,True,True,False
archive_0129,archive_highspeed,data/raw_videos/archive_highspeed/basic_trick/Shuvit/Shuvit_33.mov,player_a,goofy,Shuvit,pop_shuvit,shuv_trick,True,land,label_metadata,1920,1080,102.56,321,3.13,pass,train,True,True,False
archive_0130,archive_highspeed,data/raw_videos/archive_highspeed/basic_trick/Shuvit/Shuvit_34.mov,player_a,goofy,Shuvit,pop_shuvit,shuv_trick,True,land,label_metadata,1920,1080,101.5,274,2.7,pass,train,True,True,False
archive_0131,archive_highspeed,data/raw_videos/archive_highspeed/basic_trick/Shuvit/Shuvit_35.mov,player_a,goofy,Shuvit,pop_shuvit,shuv_trick,True,land,label_metadata,1920,1080,115.94,313,2.7,pass,train,True,True,False
archive_0132,archive_highspeed,data/raw_videos/archive_highspeed/basic_trick/Shuvit/Shuvit_36.mov,player_a,goofy,Shuvit,pop_shuvit,shuv_trick,True,land,label_metadata,1920,1080,108.41,266,2.45,pass,train,True,True,False
archive_0133,archive_highspeed,data/raw_videos/archive_highspeed/basic_trick/Shuvit/Shuvit_37.mov,player_a,goofy,Shuvit,pop_shuvit,shuv_trick,True,land,label_metadata,1920,1080,108.01,277,2.56,pass,train,True,True,False
archive_0134,archive_highspeed,data/raw_videos/archive_highspeed/basic_trick/Shuvit/Shuvit_38.mov,player_a,goofy,Shuvit,pop_shuvit,shuv_trick,True,land,label_metadata,1920,1080,117.84,380,3.22,pass,train,True,True,False
archive_0135,archive_highspeed,data/raw_videos/archive_highspeed/basic_trick/Shuvit/Shuvit_39.mov,player_a,goofy,Shuvit,pop_shuvit,shuv_trick,True,land,label_metadata,1920,1080,115.58,246,2.13,pass,train,True,True,False
archive_0136,archive_highspeed,data/raw_videos/archive_highspeed/basic_trick/Shuvit/Shuvit_4.mov,player_a,goofy,Shuvit,pop_shuvit,shuv_trick,True,land,label_metadata,1920,1080,118.13,227,1.92,pass,train,True,True,False
archive_0137,archive_highspeed,data/raw_videos/archive_highspeed/basic_trick/Shuvit/Shuvit_40.mov,player_a,goofy,Shuvit,pop_shuvit,shuv_trick,True,land,label_metadata,1920,1080,105.51,218,2.07,pass,train,True,True,False
archive_0138,archive_highspeed,data/raw_videos/archive_highspeed/basic_trick/Shuvit/Shuvit_41.mov,player_a,goofy,Shuvit,pop_shuvit,shuv_trick,True,land,label_metadata,1920,1080,113.21,241,2.13,pass,train,True,True,False
archive_0139,archive_highspeed,data/raw_videos/archive_highspeed/basic_trick/Shuvit/Shuvit_42.mov,player_a,goofy,Shuvit,pop_shuvit,shuv_trick,True,land,label_metadata,1920,1080,115.44,242,2.1,pass,train,True,True,False
archive_0140,archive_highspeed,data/raw_videos/archive_highspeed/basic_trick/Shuvit/Shuvit_43.mov,player_a,goofy,Shuvit,pop_shuvit,shuv_trick,True,land,label_metadata,1920,1080,107.81,283,2.62,pass,train,True,True,False
archive_0141,archive_highspeed,data/raw_videos/archive_highspeed/basic_trick/Shuvit/Shuvit_44.mov,player_a,goofy,Shuvit,pop_shuvit,shuv_trick,True,land,label_metadata,1920,1080,90.02,177,1.97,pass,train,True,True,False
archive_0142,archive_highspeed,data/raw_videos/archive_highspeed/basic_trick/Shuvit/Shuvit_45.mov,player_a,goofy,Shuvit,pop_shuvit,shuv_trick,True,land,label_metadata,1920,1080,98.08,245,2.5,pass,train,True,True,False
archive_0143,archive_highspeed,data/raw_videos/archive_highspeed/basic_trick/Shuvit/Shuvit_46.mov,player_a,goofy,Shuvit,pop_shuvit,shuv_trick,True,land,label_metadata,1920,1080,105.37,234,2.22,pass,train,True,True,False
archive_0144,archive_highspeed,data/raw_videos/archive_highspeed/basic_trick/Shuvit/Shuvit_47.mov,player_a,goofy,Shuvit,pop_shuvit,shuv_trick,True,land,label_metadata,1920,1080,105.37,216,2.05,pass,train,True,True,False
archive_0145,archive_highspeed,data/raw_videos/archive_highspeed/basic_trick/Shuvit/Shuvit_48.mov,player_a,goofy,Shuvit,pop_shuvit,shuv_trick,True,land,label_metadata,1920,1080,111.83,178,1.59,pass,train,True,True,False
archive_0146,archive_highspeed,data/raw_videos/archive_highspeed/basic_trick/Shuvit/Shuvit_49.mov,player_a,goofy,Shuvit,pop_shuvit,shuv_trick,True,land,label_metadata,1920,1080,106.74,213,2.0,pass,train,True,True,False
archive_0147,archive_highspeed,data/raw_videos/archive_highspeed/basic_trick/Shuvit/Shuvit_5.mov,player_a,goofy,Shuvit,pop_shuvit,shuv_trick,True,land,label_metadata,1920,1080,109.98,252,2.29,pass,train,True,True,False
archive_0148,archive_highspeed,data/raw_videos/archive_highspeed/basic_trick/Shuvit/Shuvit_50.mov,player_a,goofy,Shuvit,pop_shuvit,shuv_trick,True,land,label_metadata,1920,1080,104.69,223,2.13,pass,train,True,True,False
archive_0149,archive_highspeed,data/raw_videos/archive_highspeed/basic_trick/Shuvit/Shuvit_51.mov,player_a,goofy,Shuvit,pop_shuvit,shuv_trick,True,land,label_metadata,1920,1080,115.57,235,2.03,pass,train,True,True,False
archive_0150,archive_highspeed,data/raw_videos/archive_highspeed/basic_trick/Shuvit/Shuvit_52.mov,player_a,goofy,Shuvit,pop_shuvit,shuv_trick,True,land,label_metadata,1920,1080,100.3,221,2.2,pass,train,True,True,False
archive_0151,archive_highspeed,data/raw_videos/archive_highspeed/basic_trick/Shuvit/Shuvit_53.mov,player_a,goofy,Shuvit,pop_shuvit,shuv_trick,True,land,label_metadata,1920,1080,100.26,289,2.88,pass,train,True,True,False
archive_0152,archive_highspeed,data/raw_videos/archive_highspeed/basic_trick/Shuvit/Shuvit_6.mov,player_a,goofy,Shuvit,pop_shuvit,shuv_trick,True,land,label_metadata,1920,1080,108.35,353,3.26,pass,train,True,True,False
archive_0153,archive_highspeed,data/raw_videos/archive_highspeed/basic_trick/Shuvit/Shuvit_7.mov,player_a,goofy,Shuvit,pop_shuvit,shuv_trick,True,land,label_metadata,1920,1080,114.33,339,2.96,pass,train,True,True,False
archive_0154,archive_highspeed,data/raw_videos/archive_highspeed/basic_trick/Shuvit/Shuvit_8.mov,player_a,goofy,Shuvit,pop_shuvit,shuv_trick,True,land,label_metadata,1920,1080,113.63,374,3.29,pass,train,True,True,False
archive_0155,archive_highspeed,data/raw_videos/archive_highspeed/basic_trick/Shuvit/Shuvit_9.mov,player_a,goofy,Shuvit,pop_shuvit,shuv_trick,True,land,label_metadata,1920,1080,103.98,402,3.87,pass,train,True,True,False
archive_0156,archive_highspeed,data/raw_videos/archive_highspeed/flip_trick/Heelflip/Heelflip_1.mov,player_a,goofy,Heelflip,heelflip,flip_trick,True,land,label_metadata,1920,1080,120.06,370,3.08,pass,train,True,True,True
archive_0157,archive_highspeed,data/raw_videos/archive_highspeed/flip_trick/Heelflip/Heelflip_10.mov,player_a,goofy,Heelflip,heelflip,flip_trick,True,land,label_metadata,1920,1080,112.69,431,3.82,pass,train,True,True,True
archive_0158,archive_highspeed,data/raw_videos/archive_highspeed/flip_trick/Heelflip/Heelflip_11.mov,player_a,goofy,Heelflip,heelflip,flip_trick,True,land,label_metadata,1920,1080,105.54,401,3.8,pass,train,True,True,False
archive_0159,archive_highspeed,data/raw_videos/archive_highspeed/flip_trick/Heelflip/Heelflip_12.mov,player_a,goofy,Heelflip,heelflip,flip_trick,True,land,label_metadata,1920,1080,107.52,364,3.39,pass,train,True,True,False
archive_0160,archive_highspeed,data/raw_videos/archive_highspeed/flip_trick/Heelflip/Heelflip_13.mov,player_a,goofy,Heelflip,heelflip,flip_trick,True,land,label_metadata,1920,1080,111.42,430,3.86,pass,train,True,True,False
archive_0161,archive_highspeed,data/raw_videos/archive_highspeed/flip_trick/Heelflip/Heelflip_14.mov,player_a,goofy,Heelflip,heelflip,flip_trick,True,land,label_metadata,1920,1080,106.3,453,4.26,pass,train,True,True,False
archive_0162,archive_highspeed,data/raw_videos/archive_highspeed/flip_trick/Heelflip/Heelflip_15.mov,player_a,goofy,Heelflip,heelflip,flip_trick,True,land,label_metadata,1920,1080,104.59,373,3.57,pass,train,True,True,False
archive_0163,archive_highspeed,data/raw_videos/archive_highspeed/flip_trick/Heelflip/Heelflip_16.mov,player_a,goofy,Heelflip,heelflip,flip_trick,True,land,label_metadata,1920,1080,117.86,377,3.2,pass,train,True,True,False
archive_0164,archive_highspeed,data/raw_videos/archive_highspeed/flip_trick/Heelflip/Heelflip_17.mov,player_a,goofy,Heelflip,heelflip,flip_trick,True,land,label_metadata,1920,1080,115.23,361,3.13,pass,train,True,True,False
archive_0165,archive_highspeed,data/raw_videos/archive_highspeed/flip_trick/Heelflip/Heelflip_18.mov,player_a,goofy,Heelflip,heelflip,flip_trick,True,land,label_metadata,1920,1080,110.11,524,4.76,pass,train,True,True,False
archive_0166,archive_highspeed,data/raw_videos/archive_highspeed/flip_trick/Heelflip/Heelflip_19.mov,player_a,goofy,Heelflip,heelflip,flip_trick,True,land,label_metadata,1920,1080,112.83,391,3.47,pass,train,True,True,False
archive_0167,archive_highspeed,data/raw_videos/archive_highspeed/flip_trick/Heelflip/Heelflip_2.mov,player_a,goofy,Heelflip,heelflip,flip_trick,True,land,label_metadata,1920,1080,120.02,342,2.85,pass,train,True,True,False
archive_0168,archive_highspeed,data/raw_videos/archive_highspeed/flip_trick/Heelflip/Heelflip_20.mov,player_a,goofy,Heelflip,heelflip,flip_trick,True,land,label_metadata,1920,1080,112.71,345,3.06,pass,train,True,True,False
archive_0169,archive_highspeed,data/raw_videos/archive_highspeed/flip_trick/Heelflip/Heelflip_21.mov,player_a,goofy,Heelflip,heelflip,flip_trick,True,land,label_metadata,1920,1080,111.66,468,4.19,pass,train,True,True,False
archive_0170,archive_highspeed,data/raw_videos/archive_highspeed/flip_trick/Heelflip/Heelflip_22.mov,player_a,goofy,Heelflip,heelflip,flip_trick,True,land,label_metadata,1920,1080,117.93,452,3.83,pass,train,True,True,False
archive_0171,archive_highspeed,data/raw_videos/archive_highspeed/flip_trick/Heelflip/Heelflip_23.mov,player_a,goofy,Heelflip,heelflip,flip_trick,True,land,label_metadata,1920,1080,107.57,501,4.66,pass,train,True,True,False
archive_0172,archive_highspeed,data/raw_videos/archive_highspeed/flip_trick/Heelflip/Heelflip_24.mov,player_a,goofy,Heelflip,heelflip,flip_trick,True,land,label_metadata,1920,1080,105.99,370,3.49,pass,train,True,True,False
archive_0173,archive_highspeed,data/raw_videos/archive_highspeed/flip_trick/Heelflip/Heelflip_25.mov,player_a,goofy,Heelflip,heelflip,flip_trick,True,land,label_metadata,1920,1080,116.97,346,2.96,pass,train,True,True,False
archive_0174,archive_highspeed,data/raw_videos/archive_highspeed/flip_trick/Heelflip/Heelflip_26.mov,player_a,goofy,Heelflip,heelflip,flip_trick,True,land,label_metadata,1920,1080,111.21,336,3.02,pass,train,True,True,False
archive_0175,archive_highspeed,data/raw_videos/archive_highspeed/flip_trick/Heelflip/Heelflip_27.mov,player_a,goofy,Heelflip,heelflip,flip_trick,True,land,label_metadata,1920,1080,104.82,331,3.16,pass,train,True,True,False
archive_0176,archive_highspeed,data/raw_videos/archive_highspeed/flip_trick/Heelflip/Heelflip_28.mov,player_a,goofy,Heelflip,heelflip,flip_trick,True,land,label_metadata,1920,1080,104.19,326,3.13,pass,train,True,True,False
archive_0177,archive_highspeed,data/raw_videos/archive_highspeed/flip_trick/Heelflip/Heelflip_29.mov,player_a,goofy,Heelflip,heelflip,flip_trick,True,land,label_metadata,1920,1080,99.66,258,2.59,pass,train,True,True,False
archive_0178,archive_highspeed,data/raw_videos/archive_highspeed/flip_trick/Heelflip/Heelflip_3.mov,player_a,goofy,Heelflip,heelflip,flip_trick,True,land,label_metadata,1920,1080,120.19,282,2.35,pass,train,True,True,False
archive_0179,archive_highspeed,data/raw_videos/archive_highspeed/flip_trick/Heelflip/Heelflip_30.mov,player_a,goofy,Heelflip,heelflip,flip_trick,True,land,label_metadata,1920,1080,111.51,364,3.26,pass,train,True,True,False
archive_0180,archive_highspeed,data/raw_videos/archive_highspeed/flip_trick/Heelflip/Heelflip_31.mov,player_a,goofy,Heelflip,heelflip,flip_trick,True,land,label_metadata,1920,1080,104.6,414,3.96,pass,train,True,True,False
archive_0181,archive_highspeed,data/raw_videos/archive_highspeed/flip_trick/Heelflip/Heelflip_32.mov,player_a,goofy,Heelflip,heelflip,flip_trick,True,land,label_metadata,1920,1080,116.67,275,2.36,pass,train,True,True,False
archive_0182,archive_highspeed,data/raw_videos/archive_highspeed/flip_trick/Heelflip/Heelflip_33.mov,player_a,goofy,Heelflip,heelflip,flip_trick,True,land,label_metadata,1920,1080,102.2,327,3.2,pass,train,True,True,False
archive_0183,archive_highspeed,data/raw_videos/archive_highspeed/flip_trick/Heelflip/Heelflip_34.mov,player_a,goofy,Heelflip,heelflip,flip_trick,True,land,label_metadata,1920,1080,116.48,266,2.28,pass,train,True,True,False
archive_0184,archive_highspeed,data/raw_videos/archive_highspeed/flip_trick/Heelflip/Heelflip_35.mov,player_a,goofy,Heelflip,heelflip,flip_trick,True,land,label_metadata,1920,1080,95.24,227,2.38,pass,train,True,True,False
archive_0185,archive_highspeed,data/raw_videos/archive_highspeed/flip_trick/Heelflip/Heelflip_36.mov,player_a,goofy,Heelflip,heelflip,flip_trick,True,land,label_metadata,1920,1080,110.7,272,2.46,pass,train,True,True,False
archive_0186,archive_highspeed,data/raw_videos/archive_highspeed/flip_trick/Heelflip/Heelflip_37.mov,player_a,goofy,Heelflip,heelflip,flip_trick,True,land,label_metadata,1920,1080,101.45,301,2.97,pass,train,True,True,False
archive_0187,archive_highspeed,data/raw_videos/archive_highspeed/flip_trick/Heelflip/Heelflip_38.mov,player_a,goofy,Heelflip,heelflip,flip_trick,True,land,label_metadata,1920,1080,117.26,265,2.26,pass,train,True,True,False
archive_0188,archive_highspeed,data/raw_videos/archive_highspeed/flip_trick/Heelflip/Heelflip_39.mov,player_a,goofy,Heelflip,heelflip,flip_trick,True,land,label_metadata,1920,1080,103.51,290,2.8,pass,train,True,True,False
archive_0189,archive_highspeed,data/raw_videos/archive_highspeed/flip_trick/Heelflip/Heelflip_4.mov,player_a,goofy,Heelflip,heelflip,flip_trick,True,land,label_metadata,1920,1080,120.14,353,2.94,pass,train,True,True,False
archive_0190,archive_highspeed,data/raw_videos/archive_highspeed/flip_trick/Heelflip/Heelflip_40.mov,player_a,goofy,Heelflip,heelflip,flip_trick,True,land,label_metadata,1920,1080,114.97,302,2.63,pass,train,True,True,False
archive_0191,archive_highspeed,data/raw_videos/archive_highspeed/flip_trick/Heelflip/Heelflip_41.mov,player_a,goofy,Heelflip,heelflip,flip_trick,True,land,label_metadata,1920,1080,105.69,305,2.89,pass,train,True,True,False
archive_0192,archive_highspeed,data/raw_videos/archive_highspeed/flip_trick/Heelflip/Heelflip_42.mov,player_a,goofy,Heelflip,heelflip,flip_trick,True,land,label_metadata,1920,1080,103.64,279,2.69,pass,train,True,True,False
archive_0193,archive_highspeed,data/raw_videos/archive_highspeed/flip_trick/Heelflip/Heelflip_43.mov,player_a,goofy,Heelflip,heelflip,flip_trick,True,land,label_metadata,1920,1080,102.48,188,1.83,pass,train,True,True,False
archive_0194,archive_highspeed,data/raw_videos/archive_highspeed/flip_trick/Heelflip/Heelflip_44.mov,player_a,goofy,Heelflip,heelflip,flip_trick,True,land,label_metadata,1920,1080,98.49,275,2.79,pass,train,True,True,False
archive_0195,archive_highspeed,data/raw_videos/archive_highspeed/flip_trick/Heelflip/Heelflip_45.mov,player_a,goofy,Heelflip,heelflip,flip_trick,True,land,label_metadata,1920,1080,117.48,196,1.67,pass,train,True,True,False
archive_0196,archive_highspeed,data/raw_videos/archive_highspeed/flip_trick/Heelflip/Heelflip_46.mov,player_a,goofy,Heelflip,heelflip,flip_trick,True,land,label_metadata,1920,1080,109.49,252,2.3,pass,train,True,True,False
archive_0197,archive_highspeed,data/raw_videos/archive_highspeed/flip_trick/Heelflip/Heelflip_47.mov,player_a,goofy,Heelflip,heelflip,flip_trick,True,land,label_metadata,1920,1080,104.89,219,2.09,pass,train,True,True,False
archive_0198,archive_highspeed,data/raw_videos/archive_highspeed/flip_trick/Heelflip/Heelflip_48.mov,player_a,goofy,Heelflip,heelflip,flip_trick,True,land,label_metadata,1920,1080,105.35,224,2.13,pass,train,True,True,False
archive_0199,archive_highspeed,data/raw_videos/archive_highspeed/flip_trick/Heelflip/Heelflip_49.mov,player_a,goofy,Heelflip,heelflip,flip_trick,True,land,label_metadata,1920,1080,109.22,410,3.75,pass,train,True,True,False
archive_0200,archive_highspeed,data/raw_videos/archive_highspeed/flip_trick/Heelflip/Heelflip_5.mov,player_a,goofy,Heelflip,heelflip,flip_trick,True,land,label_metadata,1920,1080,120.22,322,2.68,pass,train,True,True,False
archive_0201,archive_highspeed,data/raw_videos/archive_highspeed/flip_trick/Heelflip/Heelflip_50.mov,player_a,goofy,Heelflip,heelflip,flip_trick,True,land,label_metadata,1920,1080,103.43,382,3.69,pass,train,True,True,False
archive_0202,archive_highspeed,data/raw_videos/archive_highspeed/flip_trick/Heelflip/Heelflip_6.mov,player_a,goofy,Heelflip,heelflip,flip_trick,True,land,label_metadata,1920,1080,110.6,376,3.4,pass,train,True,True,False
archive_0203,archive_highspeed,data/raw_videos/archive_highspeed/flip_trick/Heelflip/Heelflip_7.mov,player_a,goofy,Heelflip,heelflip,flip_trick,True,land,label_metadata,1920,1080,110.67,379,3.42,pass,train,True,True,False
archive_0204,archive_highspeed,data/raw_videos/archive_highspeed/flip_trick/Heelflip/Heelflip_8.mov,player_a,goofy,Heelflip,heelflip,flip_trick,True,land,label_metadata,1920,1080,106.55,408,3.83,pass,train,True,True,False
archive_0205,archive_highspeed,data/raw_videos/archive_highspeed/flip_trick/Heelflip/Heelflip_9.mov,player_a,goofy,Heelflip,heelflip,flip_trick,True,land,label_metadata,1920,1080,114.26,467,4.09,pass,train,True,True,False
archive_0206,archive_highspeed,data/raw_videos/archive_highspeed/flip_trick/Kickflip/Kick_1.mov,player_a,goofy,Kickflip,kickflip,flip_trick,True,land,label_metadata,1920,1080,114.48,366,3.2,pass,train,True,True,True
archive_0207,archive_highspeed,data/raw_videos/archive_highspeed/flip_trick/Kickflip/Kick_10.mov,player_a,goofy,Kickflip,kickflip,flip_trick,True,land,label_metadata,1920,1080,105.98,438,4.13,pass,train,True,True,True
archive_0208,archive_highspeed,data/raw_videos/archive_highspeed/flip_trick/Kickflip/Kick_11.mov,player_a,goofy,Kickflip,kickflip,flip_trick,True,land,label_metadata,1920,1080,101.01,326,3.23,pass,train,True,True,False
archive_0209,archive_highspeed,data/raw_videos/archive_highspeed/flip_trick/Kickflip/Kick_12.mov,player_a,goofy,Kickflip,kickflip,flip_trick,True,land,label_metadata,1920,1080,111.15,359,3.23,pass,train,True,True,False
archive_0210,archive_highspeed,data/raw_videos/archive_highspeed/flip_trick/Kickflip/Kick_13.mov,player_a,goofy,Kickflip,kickflip,flip_trick,True,land,label_metadata,1920,1080,101.69,294,2.89,pass,train,True,True,False
archive_0211,archive_highspeed,data/raw_videos/archive_highspeed/flip_trick/Kickflip/Kick_14.mov,player_a,goofy,Kickflip,kickflip,flip_trick,True,land,label_metadata,1920,1080,105.71,405,3.83,pass,train,True,True,False
archive_0212,archive_highspeed,data/raw_videos/archive_highspeed/flip_trick/Kickflip/Kick_15.mov,player_a,goofy,Kickflip,kickflip,flip_trick,True,land,label_metadata,1920,1080,113.84,277,2.43,pass,train,True,True,False
archive_0213,archive_highspeed,data/raw_videos/archive_highspeed/flip_trick/Kickflip/Kick_16.mov,player_a,goofy,Kickflip,kickflip,flip_trick,True,land,label_metadata,1920,1080,110.16,257,2.33,pass,train,True,True,False
archive_0214,archive_highspeed,data/raw_videos/archive_highspeed/flip_trick/Kickflip/Kick_17.mov,player_a,goofy,Kickflip,kickflip,flip_trick,True,land,label_metadata,1920,1080,107.87,233,2.16,pass,train,True,True,False
archive_0215,archive_highspeed,data/raw_videos/archive_highspeed/flip_trick/Kickflip/Kick_18.mov,player_a,goofy,Kickflip,kickflip,flip_trick,True,land,label_metadata,1920,1080,99.87,259,2.59,pass,train,True,True,False
archive_0216,archive_highspeed,data/raw_videos/archive_highspeed/flip_trick/Kickflip/Kick_19.mov,player_a,goofy,Kickflip,kickflip,flip_trick,True,land,label_metadata,1920,1080,108.68,299,2.75,pass,train,True,True,False
archive_0217,archive_highspeed,data/raw_videos/archive_highspeed/flip_trick/Kickflip/Kick_2.mov,player_a,goofy,Kickflip,kickflip,flip_trick,True,land,label_metadata,1920,1080,118.47,501,4.23,pass,train,True,True,False
archive_0218,archive_highspeed,data/raw_videos/archive_highspeed/flip_trick/Kickflip/Kick_20.mov,player_a,goofy,Kickflip,kickflip,flip_trick,True,land,label_metadata,1920,1080,118.48,277,2.34,pass,train,True,True,False
archive_0219,archive_highspeed,data/raw_videos/archive_highspeed/flip_trick/Kickflip/Kick_21.mov,player_a,goofy,Kickflip,kickflip,flip_trick,True,land,label_metadata,1920,1080,113.64,302,2.66,pass,train,True,True,False
archive_0220,archive_highspeed,data/raw_videos/archive_highspeed/flip_trick/Kickflip/Kick_22.mov,player_a,goofy,Kickflip,kickflip,flip_trick,True,land,label_metadata,1920,1080,99.32,213,2.14,pass,train,True,True,False
archive_0221,archive_highspeed,data/raw_videos/archive_highspeed/flip_trick/Kickflip/Kick_23.mov,player_a,goofy,Kickflip,kickflip,flip_trick,True,land,label_metadata,1920,1080,109.03,312,2.86,pass,train,True,True,False
archive_0222,archive_highspeed,data/raw_videos/archive_highspeed/flip_trick/Kickflip/Kick_24.mov,player_a,goofy,Kickflip,kickflip,flip_trick,True,land,label_metadata,1920,1080,110.01,327,2.97,pass,train,True,True,False
archive_0223,archive_highspeed,data/raw_videos/archive_highspeed/flip_trick/Kickflip/Kick_25.mov,player_a,goofy,Kickflip,kickflip,flip_trick,True,land,label_metadata,1920,1080,118.96,336,2.82,pass,train,True,True,False
archive_0224,archive_highspeed,data/raw_videos/archive_highspeed/flip_trick/Kickflip/Kick_26.mov,player_a,goofy,Kickflip,kickflip,flip_trick,True,land,label_metadata,1920,1080,114.9,391,3.4,pass,train,True,True,False
archive_0225,archive_highspeed,data/raw_videos/archive_highspeed/flip_trick/Kickflip/Kick_27.mov,player_a,goofy,Kickflip,kickflip,flip_trick,True,land,label_metadata,1920,1080,106.05,406,3.83,pass,train,True,True,False
archive_0226,archive_highspeed,data/raw_videos/archive_highspeed/flip_trick/Kickflip/Kick_28.mov,player_a,goofy,Kickflip,kickflip,flip_trick,True,land,label_metadata,1920,1080,120.32,248,2.06,pass,train,True,True,False
archive_0227,archive_highspeed,data/raw_videos/archive_highspeed/flip_trick/Kickflip/Kick_29.mov,player_a,goofy,Kickflip,kickflip,flip_trick,True,land,label_metadata,1920,1080,108.84,407,3.74,pass,train,True,True,False
archive_0228,archive_highspeed,data/raw_videos/archive_highspeed/flip_trick/Kickflip/Kick_3.mov,player_a,goofy,Kickflip,kickflip,flip_trick,True,land,label_metadata,1920,1080,118.46,555,4.69,pass,train,True,True,False
archive_0229,archive_highspeed,data/raw_videos/archive_highspeed/flip_trick/Kickflip/Kick_30.mov,player_a,goofy,Kickflip,kickflip,flip_trick,True,land,label_metadata,1920,1080,106.59,439,4.12,pass,train,True,True,False
archive_0230,archive_highspeed,data/raw_videos/archive_highspeed/flip_trick/Kickflip/Kick_31.mov,player_a,goofy,Kickflip,kickflip,flip_trick,True,land,label_metadata,1920,1080,106.61,258,2.42,pass,train,True,True,False
archive_0231,archive_highspeed,data/raw_videos/archive_highspeed/flip_trick/Kickflip/Kick_32.mov,player_a,goofy,Kickflip,kickflip,flip_trick,True,land,label_metadata,1920,1080,105.61,410,3.88,pass,train,True,True,False
archive_0232,archive_highspeed,data/raw_videos/archive_highspeed/flip_trick/Kickflip/Kick_33.mov,player_a,goofy,Kickflip,kickflip,flip_trick,True,land,label_metadata,1920,1080,114.3,325,2.84,pass,train,True,True,False
archive_0233,archive_highspeed,data/raw_videos/archive_highspeed/flip_trick/Kickflip/Kick_34.mov,player_a,goofy,Kickflip,kickflip,flip_trick,True,land,label_metadata,1920,1080,117.21,307,2.62,pass,train,True,True,False
archive_0234,archive_highspeed,data/raw_videos/archive_highspeed/flip_trick/Kickflip/Kick_35.mov,player_a,goofy,Kickflip,kickflip,flip_trick,True,land,label_metadata,1920,1080,101.12,238,2.35,pass,train,True,True,False
archive_0235,archive_highspeed,data/raw_videos/archive_highspeed/flip_trick/Kickflip/Kick_36.mov,player_a,goofy,Kickflip,kickflip,flip_trick,True,land,label_metadata,1920,1080,111.05,373,3.36,pass,train,True,True,False
archive_0236,archive_highspeed,data/raw_videos/archive_highspeed/flip_trick/Kickflip/Kick_37.mov,player_a,goofy,Kickflip,kickflip,flip_trick,True,land,label_metadata,1920,1080,112.53,370,3.29,pass,train,True,True,False
archive_0237,archive_highspeed,data/raw_videos/archive_highspeed/flip_trick/Kickflip/Kick_38.mov,player_a,goofy,Kickflip,kickflip,flip_trick,True,land,label_metadata,1920,1080,114.92,399,3.47,pass,train,True,True,False
archive_0238,archive_highspeed,data/raw_videos/archive_highspeed/flip_trick/Kickflip/Kick_39.mov,player_a,goofy,Kickflip,kickflip,flip_trick,True,land,label_metadata,1920,1080,113.05,243,2.15,pass,train,True,True,False
archive_0239,archive_highspeed,data/raw_videos/archive_highspeed/flip_trick/Kickflip/Kick_4.mov,player_a,goofy,Kickflip,kickflip,flip_trick,True,land,label_metadata,1920,1080,109.32,575,5.26,pass,train,True,True,False
archive_0240,archive_highspeed,data/raw_videos/archive_highspeed/flip_trick/Kickflip/Kick_40.mov,player_a,goofy,Kickflip,kickflip,flip_trick,True,land,label_metadata,1920,1080,105.34,424,4.02,pass,train,True,True,False
archive_0241,archive_highspeed,data/raw_videos/archive_highspeed/flip_trick/Kickflip/Kick_41.mov,player_a,goofy,Kickflip,kickflip,flip_trick,True,land,label_metadata,1920,1080,117.81,474,4.02,pass,train,True,True,False
archive_0242,archive_highspeed,data/raw_videos/archive_highspeed/flip_trick/Kickflip/Kick_42.mov,player_a,goofy,Kickflip,kickflip,flip_trick,True,land,label_metadata,1920,1080,114.8,382,3.33,pass,train,True,True,False
archive_0243,archive_highspeed,data/raw_videos/archive_highspeed/flip_trick/Kickflip/Kick_43.mov,player_a,goofy,Kickflip,kickflip,flip_trick,True,land,label_metadata,1920,1080,116.09,413,3.56,pass,train,True,True,False
archive_0244,archive_highspeed,data/raw_videos/archive_highspeed/flip_trick/Kickflip/Kick_44.mov,player_a,goofy,Kickflip,kickflip,flip_trick,True,land,label_metadata,1920,1080,110.68,317,2.86,pass,train,True,True,False
archive_0245,archive_highspeed,data/raw_videos/archive_highspeed/flip_trick/Kickflip/Kick_45.mov,player_a,goofy,Kickflip,kickflip,flip_trick,True,land,label_metadata,1920,1080,110.72,417,3.77,pass,train,True,True,False
archive_0246,archive_highspeed,data/raw_videos/archive_highspeed/flip_trick/Kickflip/Kick_46.mov,player_a,goofy,Kickflip,kickflip,flip_trick,True,land,label_metadata,1920,1080,112.46,472,4.2,pass,train,True,True,False
archive_0247,archive_highspeed,data/raw_videos/archive_highspeed/flip_trick/Kickflip/Kick_47.mov,player_a,goofy,Kickflip,kickflip,flip_trick,True,land,label_metadata,1920,1080,114.11,406,3.56,pass,train,True,True,False
archive_0248,archive_highspeed,data/raw_videos/archive_highspeed/flip_trick/Kickflip/Kick_48.mov,player_a,goofy,Kickflip,kickflip,flip_trick,True,land,label_metadata,1920,1080,116.35,309,2.66,pass,train,True,True,False
archive_0249,archive_highspeed,data/raw_videos/archive_highspeed/flip_trick/Kickflip/Kick_49.mov,player_a,goofy,Kickflip,kickflip,flip_trick,True,land,label_metadata,1920,1080,107.71,305,2.83,pass,train,True,True,False
archive_0250,archive_highspeed,data/raw_videos/archive_highspeed/flip_trick/Kickflip/Kick_5.mov,player_a,goofy,Kickflip,kickflip,flip_trick,True,land,label_metadata,1920,1080,114.31,761,6.66,pass,train,True,True,False
archive_0251,archive_highspeed,data/raw_videos/archive_highspeed/flip_trick/Kickflip/Kick_50.mov,player_a,goofy,Kickflip,kickflip,flip_trick,True,land,label_metadata,1920,1080,109.95,315,2.87,pass,train,True,True,False
archive_0252,archive_highspeed,data/raw_videos/archive_highspeed/flip_trick/Kickflip/Kick_51.mov,player_a,goofy,Kickflip,kickflip,flip_trick,True,land,label_metadata,1920,1080,108.74,339,3.12,pass,train,True,True,False
archive_0253,archive_highspeed,data/raw_videos/archive_highspeed/flip_trick/Kickflip/Kick_52.mov,player_a,goofy,Kickflip,kickflip,flip_trick,True,land,label_metadata,1920,1080,118.82,297,2.5,pass,train,True,True,False
archive_0254,archive_highspeed,data/raw_videos/archive_highspeed/flip_trick/Kickflip/Kick_53.mov,player_a,goofy,Kickflip,kickflip,flip_trick,True,land,label_metadata,1920,1080,114.32,422,3.69,pass,train,True,True,False
archive_0255,archive_highspeed,data/raw_videos/archive_highspeed/flip_trick/Kickflip/Kick_54.mov,player_a,goofy,Kickflip,kickflip,flip_trick,True,land,label_metadata,1920,1080,100.77,309,3.07,pass,train,True,True,False
archive_0256,archive_highspeed,data/raw_videos/archive_highspeed/flip_trick/Kickflip/Kick_6.mov,player_a,goofy,Kickflip,kickflip,flip_trick,True,land,label_metadata,1920,1080,118.08,565,4.79,pass,train,True,True,False
archive_0257,archive_highspeed,data/raw_videos/archive_highspeed/flip_trick/Kickflip/Kick_7.mov,player_a,goofy,Kickflip,kickflip,flip_trick,True,land,label_metadata,1920,1080,113.16,316,2.79,pass,train,True,True,False
archive_0258,archive_highspeed,data/raw_videos/archive_highspeed/flip_trick/Kickflip/Kick_8.mov,player_a,goofy,Kickflip,kickflip,flip_trick,True,land,label_metadata,1920,1080,104.56,372,3.56,pass,train,True,True,False
archive_0259,archive_highspeed,data/raw_videos/archive_highspeed/flip_trick/Kickflip/Kick_9.mov,player_a,goofy,Kickflip,kickflip,flip_trick,True,land,label_metadata,1920,1080,101.84,325,3.19,pass,train,True,True,False
archive_0260,archive_highspeed,data/raw_videos/archive_highspeed/flip_trick/Pressureflip/Pressure_1.MOV,player_a,goofy,Pressureflip,pressureflip,flip_trick,False,land,label_metadata,3840,2160,53.98,288,5.33,pass,train,True,False,False
archive_0261,archive_highspeed,data/raw_videos/archive_highspeed/flip_trick/Pressureflip/Pressure_10.mov,player_a,goofy,Pressureflip,pressureflip,flip_trick,False,land,label_metadata,1920,1080,114.0,561,4.92,pass,train,True,True,False
archive_0262,archive_highspeed,data/raw_videos/archive_highspeed/flip_trick/Pressureflip/Pressure_11.mov,player_a,goofy,Pressureflip,pressureflip,flip_trick,False,land,label_metadata,1920,1080,109.77,439,4.0,pass,train,True,True,False
archive_0263,archive_highspeed,data/raw_videos/archive_highspeed/flip_trick/Pressureflip/Pressure_12.mov,player_a,goofy,Pressureflip,pressureflip,flip_trick,False,land,label_metadata,1920,1080,112.94,511,4.52,pass,train,True,True,False
archive_0264,archive_highspeed,data/raw_videos/archive_highspeed/flip_trick/Pressureflip/Pressure_13.mov,player_a,goofy,Pressureflip,pressureflip,flip_trick,False,land,label_metadata,1920,1080,115.68,720,6.22,pass,train,True,True,False
archive_0265,archive_highspeed,data/raw_videos/archive_highspeed/flip_trick/Pressureflip/Pressure_14.mov,player_a,goofy,Pressureflip,pressureflip,flip_trick,False,land,label_metadata,1920,1080,109.23,517,4.73,pass,train,True,True,False
archive_0266,archive_highspeed,data/raw_videos/archive_highspeed/flip_trick/Pressureflip/Pressure_15.mov,player_a,goofy,Pressureflip,pressureflip,flip_trick,False,land,label_metadata,1920,1080,115.98,431,3.72,pass,train,True,True,False
archive_0267,archive_highspeed,data/raw_videos/archive_highspeed/flip_trick/Pressureflip/Pressure_16.mov,player_a,goofy,Pressureflip,pressureflip,flip_trick,False,land,label_metadata,1920,1080,116.81,548,4.69,pass,train,True,True,False
archive_0268,archive_highspeed,data/raw_videos/archive_highspeed/flip_trick/Pressureflip/Pressure_17.mov,player_a,goofy,Pressureflip,pressureflip,flip_trick,False,land,label_metadata,1920,1080,116.13,449,3.87,pass,train,True,True,False
archive_0269,archive_highspeed,data/raw_videos/archive_highspeed/flip_trick/Pressureflip/Pressure_18.mov,player_a,goofy,Pressureflip,pressureflip,flip_trick,False,land,label_metadata,1920,1080,105.39,281,2.67,pass,train,True,True,False
archive_0270,archive_highspeed,data/raw_videos/archive_highspeed/flip_trick/Pressureflip/Pressure_19.mov,player_a,goofy,Pressureflip,pressureflip,flip_trick,False,land,label_metadata,1920,1080,117.09,413,3.53,pass,train,True,True,False
archive_0271,archive_highspeed,data/raw_videos/archive_highspeed/flip_trick/Pressureflip/Pressure_2.MOV,player_a,goofy,Pressureflip,pressureflip,flip_trick,False,land,label_metadata,3840,2160,56.07,201,3.58,pass,train,True,False,False
archive_0272,archive_highspeed,data/raw_videos/archive_highspeed/flip_trick/Pressureflip/Pressure_20.mov,player_a,goofy,Pressureflip,pressureflip,flip_trick,False,land,label_metadata,1920,1080,113.99,429,3.76,pass,train,True,True,False
archive_0273,archive_highspeed,data/raw_videos/archive_highspeed/flip_trick/Pressureflip/Pressure_21.mov,player_a,goofy,Pressureflip,pressureflip,flip_trick,False,land,label_metadata,1920,1080,112.66,454,4.03,pass,train,True,True,False
archive_0274,archive_highspeed,data/raw_videos/archive_highspeed/flip_trick/Pressureflip/Pressure_22.mov,player_a,goofy,Pressureflip,pressureflip,flip_trick,False,land,label_metadata,1920,1080,118.71,349,2.94,pass,train,True,True,False
archive_0275,archive_highspeed,data/raw_videos/archive_highspeed/flip_trick/Pressureflip/Pressure_23.mov,player_a,goofy,Pressureflip,pressureflip,flip_trick,False,land,label_metadata,1920,1080,110.98,594,5.35,pass,train,True,True,False
archive_0276,archive_highspeed,data/raw_videos/archive_highspeed/flip_trick/Pressureflip/Pressure_24.mov,player_a,goofy,Pressureflip,pressureflip,flip_trick,False,land,label_metadata,1920,1080,118.93,295,2.48,pass,train,True,True,False
archive_0277,archive_highspeed,data/raw_videos/archive_highspeed/flip_trick/Pressureflip/Pressure_25.mov,player_a,goofy,Pressureflip,pressureflip,flip_trick,False,land,label_metadata,1920,1080,107.25,447,4.17,pass,train,True,True,False
archive_0278,archive_highspeed,data/raw_videos/archive_highspeed/flip_trick/Pressureflip/Pressure_26.mov,player_a,goofy,Pressureflip,pressureflip,flip_trick,False,land,label_metadata,1920,1080,107.27,357,3.33,pass,train,True,True,False
archive_0279,archive_highspeed,data/raw_videos/archive_highspeed/flip_trick/Pressureflip/Pressure_27.mov,player_a,goofy,Pressureflip,pressureflip,flip_trick,False,land,label_metadata,1920,1080,107.87,342,3.17,pass,train,True,True,False
archive_0280,archive_highspeed,data/raw_videos/archive_highspeed/flip_trick/Pressureflip/Pressure_28.mov,player_a,goofy,Pressureflip,pressureflip,flip_trick,False,land,label_metadata,1920,1080,116.5,465,3.99,pass,train,True,True,False
archive_0281,archive_highspeed,data/raw_videos/archive_highspeed/flip_trick/Pressureflip/Pressure_29.mov,player_a,goofy,Pressureflip,pressureflip,flip_trick,False,land,label_metadata,1920,1080,114.91,396,3.45,pass,train,True,True,False
archive_0282,archive_highspeed,data/raw_videos/archive_highspeed/flip_trick/Pressureflip/Pressure_3.MOV,player_a,goofy,Pressureflip,pressureflip,flip_trick,False,land,label_metadata,3840,2160,59.53,409,6.87,pass,train,True,False,False
archive_0283,archive_highspeed,data/raw_videos/archive_highspeed/flip_trick/Pressureflip/Pressure_30.mov,player_a,goofy,Pressureflip,pressureflip,flip_trick,False,land,label_metadata,1920,1080,111.02,296,2.67,pass,train,True,True,False
archive_0284,archive_highspeed,data/raw_videos/archive_highspeed/flip_trick/Pressureflip/Pressure_31.mov,player_a,goofy,Pressureflip,pressureflip,flip_trick,False,land,label_metadata,1920,1080,113.47,390,3.44,pass,train,True,True,False
archive_0285,archive_highspeed,data/raw_videos/archive_highspeed/flip_trick/Pressureflip/Pressure_32.mov,player_a,goofy,Pressureflip,pressureflip,flip_trick,False,land,label_metadata,1920,1080,113.02,356,3.15,pass,train,True,True,False
archive_0286,archive_highspeed,data/raw_videos/archive_highspeed/flip_trick/Pressureflip/Pressure_33.mov,player_a,goofy,Pressureflip,pressureflip,flip_trick,False,land,label_metadata,1920,1080,110.38,386,3.5,pass,train,True,True,False
archive_0287,archive_highspeed,data/raw_videos/archive_highspeed/flip_trick/Pressureflip/Pressure_34.mov,player_a,goofy,Pressureflip,pressureflip,flip_trick,False,land,label_metadata,1920,1080,107.8,371,3.44,pass,train,True,True,False
archive_0288,archive_highspeed,data/raw_videos/archive_highspeed/flip_trick/Pressureflip/Pressure_35.mov,player_a,goofy,Pressureflip,pressureflip,flip_trick,False,land,label_metadata,1920,1080,111.09,590,5.31,pass,train,True,True,False
archive_0289,archive_highspeed,data/raw_videos/archive_highspeed/flip_trick/Pressureflip/Pressure_36.mov,player_a,goofy,Pressureflip,pressureflip,flip_trick,False,land,label_metadata,1920,1080,120.18,334,2.78,pass,train,True,True,False
archive_0290,archive_highspeed,data/raw_videos/archive_highspeed/flip_trick/Pressureflip/Pressure_37.mov,player_a,goofy,Pressureflip,pressureflip,flip_trick,False,land,label_metadata,1920,1080,109.66,340,3.1,pass,train,True,True,False
archive_0291,archive_highspeed,data/raw_videos/archive_highspeed/flip_trick/Pressureflip/Pressure_38.mov,player_a,goofy,Pressureflip,pressureflip,flip_trick,False,land,label_metadata,1920,1080,116.95,284,2.43,pass,train,True,True,False
archive_0292,archive_highspeed,data/raw_videos/archive_highspeed/flip_trick/Pressureflip/Pressure_39.mov,player_a,goofy,Pressureflip,pressureflip,flip_trick,False,land,label_metadata,1920,1080,111.32,474,4.26,pass,train,True,True,False
archive_0293,archive_highspeed,data/raw_videos/archive_highspeed/flip_trick/Pressureflip/Pressure_4.MOV,player_a,goofy,Pressureflip,pressureflip,flip_trick,False,land,label_metadata,3840,2160,55.62,188,3.38,pass,train,True,False,False
archive_0294,archive_highspeed,data/raw_videos/archive_highspeed/flip_trick/Pressureflip/Pressure_40.mov,player_a,goofy,Pressureflip,pressureflip,flip_trick,False,land,label_metadata,1920,1080,108.62,343,3.16,pass,train,True,True,False
archive_0295,archive_highspeed,data/raw_videos/archive_highspeed/flip_trick/Pressureflip/Pressure_41.mov,player_a,goofy,Pressureflip,pressureflip,flip_trick,False,land,label_metadata,1920,1080,109.7,402,3.66,pass,train,True,True,False
archive_0296,archive_highspeed,data/raw_videos/archive_highspeed/flip_trick/Pressureflip/Pressure_42.mov,player_a,goofy,Pressureflip,pressureflip,flip_trick,False,land,label_metadata,1920,1080,107.35,297,2.77,pass,train,True,True,False
archive_0297,archive_highspeed,data/raw_videos/archive_highspeed/flip_trick/Pressureflip/Pressure_43.mov,player_a,goofy,Pressureflip,pressureflip,flip_trick,False,land,label_metadata,1920,1080,112.07,451,4.02,pass,train,True,True,False
archive_0298,archive_highspeed,data/raw_videos/archive_highspeed/flip_trick/Pressureflip/Pressure_44.mov,player_a,goofy,Pressureflip,pressureflip,flip_trick,False,land,label_metadata,1920,1080,111.11,337,3.03,pass,train,True,True,False
archive_0299,archive_highspeed,data/raw_videos/archive_highspeed/flip_trick/Pressureflip/Pressure_45.mov,player_a,goofy,Pressureflip,pressureflip,flip_trick,False,land,label_metadata,1920,1080,102.03,346,3.39,pass,train,True,True,False
archive_0300,archive_highspeed,data/raw_videos/archive_highspeed/flip_trick/Pressureflip/Pressure_46.mov,player_a,goofy,Pressureflip,pressureflip,flip_trick,False,land,label_metadata,1920,1080,100.32,224,2.23,pass,train,True,True,False
archive_0301,archive_highspeed,data/raw_videos/archive_highspeed/flip_trick/Pressureflip/Pressure_47.mov,player_a,goofy,Pressureflip,pressureflip,flip_trick,False,land,label_metadata,1920,1080,115.98,316,2.72,pass,train,True,True,False
archive_0302,archive_highspeed,data/raw_videos/archive_highspeed/flip_trick/Pressureflip/Pressure_48.mov,player_a,goofy,Pressureflip,pressureflip,flip_trick,False,land,label_metadata,1920,1080,104.59,400,3.82,pass,train,True,True,False
archive_0303,archive_highspeed,data/raw_videos/archive_highspeed/flip_trick/Pressureflip/Pressure_49.mov,player_a,goofy,Pressureflip,pressureflip,flip_trick,False,land,label_metadata,1920,1080,116.85,291,2.49,pass,train,True,True,False
archive_0304,archive_highspeed,data/raw_videos/archive_highspeed/flip_trick/Pressureflip/Pressure_5.MOV,player_a,goofy,Pressureflip,pressureflip,flip_trick,False,land,label_metadata,3840,2160,54.55,235,4.31,pass,train,True,False,False
archive_0305,archive_highspeed,data/raw_videos/archive_highspeed/flip_trick/Pressureflip/Pressure_50.mov,player_a,goofy,Pressureflip,pressureflip,flip_trick,False,land,label_metadata,1920,1080,116.21,325,2.8,pass,train,True,True,False
archive_0306,archive_highspeed,data/raw_videos/archive_highspeed/flip_trick/Pressureflip/Pressure_6.MOV,player_a,goofy,Pressureflip,pressureflip,flip_trick,False,land,label_metadata,3840,2160,56.23,225,4.0,pass,train,True,False,False
archive_0307,archive_highspeed,data/raw_videos/archive_highspeed/flip_trick/Pressureflip/Pressure_7.MOV,player_a,goofy,Pressureflip,pressureflip,flip_trick,False,land,label_metadata,3840,2160,58.83,207,3.52,pass,train,True,False,False
archive_0308,archive_highspeed,data/raw_videos/archive_highspeed/flip_trick/Pressureflip/Pressure_8.MOV,player_a,goofy,Pressureflip,pressureflip,flip_trick,False,land,label_metadata,3840,2160,55.89,178,3.19,pass,train,True,False,False
archive_0309,archive_highspeed,data/raw_videos/archive_highspeed/flip_trick/Pressureflip/Pressure_9.mov,player_a,goofy,Pressureflip,pressureflip,flip_trick,False,land,label_metadata,1920,1080,115.9,563,4.86,pass,train,True,True,False
archive_0310,archive_highspeed,data/raw_videos/archive_highspeed/ratation_trick/Backside180/Back180_1.mov,player_a,goofy,Backside180,backside180,unsupported,False,land,label_metadata,1920,1080,109.3,386,3.53,pass,train,True,True,True
archive_0311,archive_highspeed,data/raw_videos/archive_highspeed/ratation_trick/Backside180/Back180_10.mov,player_a,goofy,Backside180,backside180,unsupported,False,land,label_metadata,1920,1080,104.24,337,3.23,pass,train,True,True,True
archive_0312,archive_highspeed,data/raw_videos/archive_highspeed/ratation_trick/Backside180/Back180_11.mov,player_a,goofy,Backside180,backside180,unsupported,False,land,label_metadata,1920,1080,99.09,218,2.2,pass,train,True,True,False
archive_0313,archive_highspeed,data/raw_videos/archive_highspeed/ratation_trick/Backside180/Back180_12.mov,player_a,goofy,Backside180,backside180,unsupported,False,land,label_metadata,1920,1080,116.47,264,2.27,pass,train,True,True,False
archive_0314,archive_highspeed,data/raw_videos/archive_highspeed/ratation_trick/Backside180/Back180_13.mov,player_a,goofy,Backside180,backside180,unsupported,False,land,label_metadata,1920,1080,118.06,258,2.19,pass,train,True,True,False
archive_0315,archive_highspeed,data/raw_videos/archive_highspeed/ratation_trick/Backside180/Back180_14.mov,player_a,goofy,Backside180,backside180,unsupported,False,land,label_metadata,1920,1080,101.94,282,2.77,pass,train,True,True,False
archive_0316,archive_highspeed,data/raw_videos/archive_highspeed/ratation_trick/Backside180/Back180_15.mov,player_a,goofy,Backside180,backside180,unsupported,False,land,label_metadata,1920,1080,117.38,222,1.89,pass,train,True,True,False
archive_0317,archive_highspeed,data/raw_videos/archive_highspeed/ratation_trick/Backside180/Back180_16.mov,player_a,goofy,Backside180,backside180,unsupported,False,land,label_metadata,1920,1080,104.97,321,3.06,pass,train,True,True,False
archive_0318,archive_highspeed,data/raw_videos/archive_highspeed/ratation_trick/Backside180/Back180_17.mov,player_a,goofy,Backside180,backside180,unsupported,False,land,label_metadata,1920,1080,113.07,244,2.16,pass,train,True,True,False
archive_0319,archive_highspeed,data/raw_videos/archive_highspeed/ratation_trick/Backside180/Back180_18.mov,player_a,goofy,Backside180,backside180,unsupported,False,land,label_metadata,1920,1080,115.02,232,2.02,pass,train,True,True,False
archive_0320,archive_highspeed,data/raw_videos/archive_highspeed/ratation_trick/Backside180/Back180_19.mov,player_a,goofy,Backside180,backside180,unsupported,False,land,label_metadata,1920,1080,110.52,302,2.73,pass,train,True,True,False
archive_0321,archive_highspeed,data/raw_videos/archive_highspeed/ratation_trick/Backside180/Back180_2.mov,player_a,goofy,Backside180,backside180,unsupported,False,land,label_metadata,1920,1080,106.94,278,2.6,pass,train,True,True,False
archive_0322,archive_highspeed,data/raw_videos/archive_highspeed/ratation_trick/Backside180/Back180_20.mov,player_a,goofy,Backside180,backside180,unsupported,False,land,label_metadata,1920,1080,110.69,249,2.25,pass,train,True,True,False
archive_0323,archive_highspeed,data/raw_videos/archive_highspeed/ratation_trick/Backside180/Back180_21.mov,player_a,goofy,Backside180,backside180,unsupported,False,land,label_metadata,1920,1080,114.81,200,1.74,pass,train,True,True,False
archive_0324,archive_highspeed,data/raw_videos/archive_highspeed/ratation_trick/Backside180/Back180_22.mov,player_a,goofy,Backside180,backside180,unsupported,False,land,label_metadata,1920,1080,98.56,246,2.5,pass,train,True,True,False
archive_0325,archive_highspeed,data/raw_videos/archive_highspeed/ratation_trick/Backside180/Back180_23.mov,player_a,goofy,Backside180,backside180,unsupported,False,land,label_metadata,1920,1080,96.58,238,2.46,pass,train,True,True,False
archive_0326,archive_highspeed,data/raw_videos/archive_highspeed/ratation_trick/Backside180/Back180_24.mov,player_a,goofy,Backside180,backside180,unsupported,False,land,label_metadata,1920,1080,114.89,244,2.12,pass,train,True,True,False
archive_0327,archive_highspeed,data/raw_videos/archive_highspeed/ratation_trick/Backside180/Back180_25.mov,player_a,goofy,Backside180,backside180,unsupported,False,land,label_metadata,1920,1080,102.45,355,3.46,pass,train,True,True,False
archive_0328,archive_highspeed,data/raw_videos/archive_highspeed/ratation_trick/Backside180/Back180_26.mov,player_a,goofy,Backside180,backside180,unsupported,False,land,label_metadata,1920,1080,112.66,198,1.76,pass,train,True,True,False
archive_0329,archive_highspeed,data/raw_videos/archive_highspeed/ratation_trick/Backside180/Back180_27.mov,player_a,goofy,Backside180,backside180,unsupported,False,land,label_metadata,1920,1080,101.95,350,3.43,pass,train,True,True,False
archive_0330,archive_highspeed,data/raw_videos/archive_highspeed/ratation_trick/Backside180/Back180_28.mov,player_a,goofy,Backside180,backside180,unsupported,False,land,label_metadata,1920,1080,94.7,227,2.4,pass,train,True,True,False
archive_0331,archive_highspeed,data/raw_videos/archive_highspeed/ratation_trick/Backside180/Back180_29.mov,player_a,goofy,Backside180,backside180,unsupported,False,land,label_metadata,1920,1080,114.39,304,2.66,pass,train,True,True,False
archive_0332,archive_highspeed,data/raw_videos/archive_highspeed/ratation_trick/Backside180/Back180_3.mov,player_a,goofy,Backside180,backside180,unsupported,False,land,label_metadata,1920,1080,108.46,212,1.95,pass,train,True,True,False
archive_0333,archive_highspeed,data/raw_videos/archive_highspeed/ratation_trick/Backside180/Back180_30.mov,player_a,goofy,Backside180,backside180,unsupported,False,land,label_metadata,1920,1080,104.23,264,2.53,pass,train,True,True,False
archive_0334,archive_highspeed,data/raw_videos/archive_highspeed/ratation_trick/Backside180/Back180_31.mov,player_a,goofy,Backside180,backside180,unsupported,False,land,label_metadata,1920,1080,105.06,282,2.68,pass,train,True,True,False
archive_0335,archive_highspeed,data/raw_videos/archive_highspeed/ratation_trick/Backside180/Back180_32.mov,player_a,goofy,Backside180,backside180,unsupported,False,land,label_metadata,1920,1080,109.01,257,2.36,pass,train,True,True,False
archive_0336,archive_highspeed,data/raw_videos/archive_highspeed/ratation_trick/Backside180/Back180_33.mov,player_a,goofy,Backside180,backside180,unsupported,False,land,label_metadata,1920,1080,109.4,258,2.36,pass,train,True,True,False
archive_0337,archive_highspeed,data/raw_videos/archive_highspeed/ratation_trick/Backside180/Back180_34.mov,player_a,goofy,Backside180,backside180,unsupported,False,land,label_metadata,1920,1080,107.79,344,3.19,pass,train,True,True,False
archive_0338,archive_highspeed,data/raw_videos/archive_highspeed/ratation_trick/Backside180/Back180_35.mov,player_a,goofy,Backside180,backside180,unsupported,False,land,label_metadata,1920,1080,100.52,258,2.57,pass,train,True,True,False
archive_0339,archive_highspeed,data/raw_videos/archive_highspeed/ratation_trick/Backside180/Back180_36.mov,player_a,goofy,Backside180,backside180,unsupported,False,land,label_metadata,1920,1080,102.62,348,3.39,pass,train,True,True,False
archive_0340,archive_highspeed,data/raw_videos/archive_highspeed/ratation_trick/Backside180/Back180_37.mov,player_a,goofy,Backside180,backside180,unsupported,False,land,label_metadata,1920,1080,108.91,355,3.26,pass,train,True,True,False
archive_0341,archive_highspeed,data/raw_videos/archive_highspeed/ratation_trick/Backside180/Back180_38.mov,player_a,goofy,Backside180,backside180,unsupported,False,land,label_metadata,1920,1080,118.42,299,2.52,pass,train,True,True,False
archive_0342,archive_highspeed,data/raw_videos/archive_highspeed/ratation_trick/Backside180/Back180_39.mov,player_a,goofy,Backside180,backside180,unsupported,False,land,label_metadata,1920,1080,117.96,228,1.93,pass,train,True,True,False
archive_0343,archive_highspeed,data/raw_videos/archive_highspeed/ratation_trick/Backside180/Back180_4.mov,player_a,goofy,Backside180,backside180,unsupported,False,land,label_metadata,1920,1080,109.27,247,2.26,pass,train,True,True,False
archive_0344,archive_highspeed,data/raw_videos/archive_highspeed/ratation_trick/Backside180/Back180_40.mov,player_a,goofy,Backside180,backside180,unsupported,False,land,label_metadata,1920,1080,109.47,332,3.03,pass,train,True,True,False
archive_0345,archive_highspeed,data/raw_videos/archive_highspeed/ratation_trick/Backside180/Back180_41.mov,player_a,goofy,Backside180,backside180,unsupported,False,land,label_metadata,1920,1080,107.25,378,3.52,pass,train,True,True,False
archive_0346,archive_highspeed,data/raw_videos/archive_highspeed/ratation_trick/Backside180/Back180_42.mov,player_a,goofy,Backside180,backside180,unsupported,False,land,label_metadata,1920,1080,109.43,248,2.27,pass,train,True,True,False
archive_0347,archive_highspeed,data/raw_videos/archive_highspeed/ratation_trick/Backside180/Back180_43.mov,player_a,goofy,Backside180,backside180,unsupported,False,land,label_metadata,1920,1080,116.74,358,3.07,pass,train,True,True,False
archive_0348,archive_highspeed,data/raw_videos/archive_highspeed/ratation_trick/Backside180/Back180_44.mov,player_a,goofy,Backside180,backside180,unsupported,False,land,label_metadata,1920,1080,101.5,318,3.13,pass,train,True,True,False
archive_0349,archive_highspeed,data/raw_videos/archive_highspeed/ratation_trick/Backside180/Back180_45.mov,player_a,goofy,Backside180,backside180,unsupported,False,land,label_metadata,1920,1080,104.86,313,2.99,pass,train,True,True,False
archive_0350,archive_highspeed,data/raw_videos/archive_highspeed/ratation_trick/Backside180/Back180_46.mov,player_a,goofy,Backside180,backside180,unsupported,False,land,label_metadata,1920,1080,104.43,281,2.69,pass,train,True,True,False
archive_0351,archive_highspeed,data/raw_videos/archive_highspeed/ratation_trick/Backside180/Back180_47.mov,player_a,goofy,Backside180,backside180,unsupported,False,land,label_metadata,1920,1080,117.86,352,2.99,pass,train,True,True,False
archive_0352,archive_highspeed,data/raw_videos/archive_highspeed/ratation_trick/Backside180/Back180_48.mov,player_a,goofy,Backside180,backside180,unsupported,False,land,label_metadata,1920,1080,107.98,323,2.99,pass,train,True,True,False
archive_0353,archive_highspeed,data/raw_videos/archive_highspeed/ratation_trick/Backside180/Back180_49.mov,player_a,goofy,Backside180,backside180,unsupported,False,land,label_metadata,1920,1080,101.33,307,3.03,pass,train,True,True,False
archive_0354,archive_highspeed,data/raw_videos/archive_highspeed/ratation_trick/Backside180/Back180_5.mov,player_a,goofy,Backside180,backside180,unsupported,False,land,label_metadata,1920,1080,105.42,260,2.47,pass,train,True,True,False
archive_0355,archive_highspeed,data/raw_videos/archive_highspeed/ratation_trick/Backside180/Back180_50.mov,player_a,goofy,Backside180,backside180,unsupported,False,land,label_metadata,1920,1080,117.36,218,1.86,pass,train,True,True,False
archive_0356,archive_highspeed,data/raw_videos/archive_highspeed/ratation_trick/Backside180/Back180_51.mov,player_a,goofy,Backside180,backside180,unsupported,False,land,label_metadata,1920,1080,115.79,311,2.69,pass,train,True,True,False
archive_0357,archive_highspeed,data/raw_videos/archive_highspeed/ratation_trick/Backside180/Back180_6.mov,player_a,goofy,Backside180,backside180,unsupported,False,land,label_metadata,1920,1080,112.63,259,2.3,pass,train,True,True,False
archive_0358,archive_highspeed,data/raw_videos/archive_highspeed/ratation_trick/Backside180/Back180_7.mov,player_a,goofy,Backside180,backside180,unsupported,False,land,label_metadata,1920,1080,101.79,268,2.63,pass,train,True,True,False
archive_0359,archive_highspeed,data/raw_videos/archive_highspeed/ratation_trick/Backside180/Back180_8.mov,player_a,goofy,Backside180,backside180,unsupported,False,land,label_metadata,1920,1080,115.07,302,2.62,pass,train,True,True,False
archive_0360,archive_highspeed,data/raw_videos/archive_highspeed/ratation_trick/Backside180/Back180_9.mov,player_a,goofy,Backside180,backside180,unsupported,False,land,label_metadata,1920,1080,109.19,353,3.23,pass,train,True,True,False
archive_0361,archive_highspeed,data/raw_videos/archive_highspeed/ratation_trick/Frontside180/Front180_1.MOV,player_a,goofy,Frontside180,frontside180,unsupported,False,land,label_metadata,1920,1080,119.44,629,5.27,pass,train,True,True,True
archive_0362,archive_highspeed,data/raw_videos/archive_highspeed/ratation_trick/Frontside180/Front180_10.MOV,player_a,goofy,Frontside180,frontside180,unsupported,False,land,label_metadata,1920,1080,119.19,433,3.63,pass,train,True,True,True
archive_0363,archive_highspeed,data/raw_videos/archive_highspeed/ratation_trick/Frontside180/Front180_11.MOV,player_a,goofy,Frontside180,frontside180,unsupported,False,land,label_metadata,1920,1080,119.16,420,3.52,pass,train,True,True,False
archive_0364,archive_highspeed,data/raw_videos/archive_highspeed/ratation_trick/Frontside180/Front180_12.MOV,player_a,goofy,Frontside180,frontside180,unsupported,False,land,label_metadata,1920,1080,119.41,437,3.66,pass,train,True,True,False
archive_0365,archive_highspeed,data/raw_videos/archive_highspeed/ratation_trick/Frontside180/Front180_13.MOV,player_a,goofy,Frontside180,frontside180,unsupported,False,land,label_metadata,1920,1080,118.77,284,2.39,pass,train,True,True,False
archive_0366,archive_highspeed,data/raw_videos/archive_highspeed/ratation_trick/Frontside180/Front180_14.MOV,player_a,goofy,Frontside180,frontside180,unsupported,False,land,label_metadata,1920,1080,119.37,556,4.66,pass,train,True,True,False
archive_0367,archive_highspeed,data/raw_videos/archive_highspeed/ratation_trick/Frontside180/Front180_15.MOV,player_a,goofy,Frontside180,frontside180,unsupported,False,land,label_metadata,0,0,0.0,0,0.0,corrupted,train,False,False,False
archive_0368,archive_highspeed,data/raw_videos/archive_highspeed/ratation_trick/Frontside180/Front180_16.MOV,player_a,goofy,Frontside180,frontside180,unsupported,False,land,label_metadata,1920,1080,119.07,447,3.75,pass,train,True,True,False
archive_0369,archive_highspeed,data/raw_videos/archive_highspeed/ratation_trick/Frontside180/Front180_17.MOV,player_a,goofy,Frontside180,frontside180,unsupported,False,land,label_metadata,1920,1080,119.19,433,3.63,pass,train,True,True,False
archive_0370,archive_highspeed,data/raw_videos/archive_highspeed/ratation_trick/Frontside180/Front180_18.MOV,player_a,goofy,Frontside180,frontside180,unsupported,False,land,label_metadata,1920,1080,119.07,376,3.16,pass,train,True,True,False
archive_0371,archive_highspeed,data/raw_videos/archive_highspeed/ratation_trick/Frontside180/Front180_19.MOV,player_a,goofy,Frontside180,frontside180,unsupported,False,land,label_metadata,1920,1080,119.42,436,3.65,pass,train,True,True,False
archive_0372,archive_highspeed,data/raw_videos/archive_highspeed/ratation_trick/Frontside180/Front180_2.MOV,player_a,goofy,Frontside180,frontside180,unsupported,False,land,label_metadata,1920,1080,119.36,544,4.56,pass,train,True,True,False
archive_0373,archive_highspeed,data/raw_videos/archive_highspeed/ratation_trick/Frontside180/Front180_20.MOV,player_a,goofy,Frontside180,frontside180,unsupported,False,land,label_metadata,1920,1080,120.31,292,2.43,pass,train,True,True,False
archive_0374,archive_highspeed,data/raw_videos/archive_highspeed/ratation_trick/Frontside180/Front180_21.MOV,player_a,goofy,Frontside180,frontside180,unsupported,False,land,label_metadata,1920,1080,120.14,337,2.81,pass,train,True,True,False
archive_0375,archive_highspeed,data/raw_videos/archive_highspeed/ratation_trick/Frontside180/Front180_22.mov,player_a,goofy,Frontside180,frontside180,unsupported,False,land,label_metadata,1920,1080,120.23,310,2.58,pass,train,True,True,False
archive_0376,archive_highspeed,data/raw_videos/archive_highspeed/ratation_trick/Frontside180/Front180_23.mov,player_a,goofy,Frontside180,frontside180,unsupported,False,land,label_metadata,1920,1080,120.64,301,2.5,pass,train,True,True,False
archive_0377,archive_highspeed,data/raw_videos/archive_highspeed/ratation_trick/Frontside180/Front180_24.mov,player_a,goofy,Frontside180,frontside180,unsupported,False,land,label_metadata,1920,1080,120.3,397,3.3,pass,train,True,True,False
archive_0378,archive_highspeed,data/raw_videos/archive_highspeed/ratation_trick/Frontside180/Front180_25.mov,player_a,goofy,Frontside180,frontside180,unsupported,False,land,label_metadata,1920,1080,120.27,353,2.94,pass,train,True,True,False
archive_0379,archive_highspeed,data/raw_videos/archive_highspeed/ratation_trick/Frontside180/Front180_26.mov,player_a,goofy,Frontside180,frontside180,unsupported,False,land,label_metadata,1920,1080,120.23,232,1.93,pass,train,True,True,False
archive_0380,archive_highspeed,data/raw_videos/archive_highspeed/ratation_trick/Frontside180/Front180_27.mov,player_a,goofy,Frontside180,frontside180,unsupported,False,land,label_metadata,1920,1080,107.7,437,4.06,pass,train,True,True,False
archive_0381,archive_highspeed,data/raw_videos/archive_highspeed/ratation_trick/Frontside180/Front180_28.mov,player_a,goofy,Frontside180,frontside180,unsupported,False,land,label_metadata,1920,1080,105.01,434,4.13,pass,train,True,True,False
archive_0382,archive_highspeed,data/raw_videos/archive_highspeed/ratation_trick/Frontside180/Front180_29.mov,player_a,goofy,Frontside180,frontside180,unsupported,False,land,label_metadata,1920,1080,116.06,308,2.65,pass,train,True,True,False
archive_0383,archive_highspeed,data/raw_videos/archive_highspeed/ratation_trick/Frontside180/Front180_3.MOV,player_a,goofy,Frontside180,frontside180,unsupported,False,land,label_metadata,1920,1080,119.4,564,4.72,pass,train,True,True,False
archive_0384,archive_highspeed,data/raw_videos/archive_highspeed/ratation_trick/Frontside180/Front180_30.mov,player_a,goofy,Frontside180,frontside180,unsupported,False,land,label_metadata,1920,1080,116.51,566,4.86,pass,train,True,True,False
archive_0385,archive_highspeed,data/raw_videos/archive_highspeed/ratation_trick/Frontside180/Front180_31.mov,player_a,goofy,Frontside180,frontside180,unsupported,False,land,label_metadata,1920,1080,116.95,427,3.65,pass,train,True,True,False
archive_0386,archive_highspeed,data/raw_videos/archive_highspeed/ratation_trick/Frontside180/Front180_32.mov,player_a,goofy,Frontside180,frontside180,unsupported,False,land,label_metadata,1920,1080,107.58,519,4.82,pass,train,True,True,False
archive_0387,archive_highspeed,data/raw_videos/archive_highspeed/ratation_trick/Frontside180/Front180_33.mov,player_a,goofy,Frontside180,frontside180,unsupported,False,land,label_metadata,1920,1080,114.74,347,3.02,pass,train,True,True,False
archive_0388,archive_highspeed,data/raw_videos/archive_highspeed/ratation_trick/Frontside180/Front180_34.mov,player_a,goofy,Frontside180,frontside180,unsupported,False,land,label_metadata,1920,1080,117.08,409,3.49,pass,train,True,True,False
archive_0389,archive_highspeed,data/raw_videos/archive_highspeed/ratation_trick/Frontside180/Front180_35.mov,player_a,goofy,Frontside180,frontside180,unsupported,False,land,label_metadata,1920,1080,104.74,384,3.67,pass,train,True,True,False
archive_0390,archive_highspeed,data/raw_videos/archive_highspeed/ratation_trick/Frontside180/Front180_36.mov,player_a,goofy,Frontside180,frontside180,unsupported,False,land,label_metadata,1920,1080,112.28,497,4.43,pass,train,True,True,False
archive_0391,archive_highspeed,data/raw_videos/archive_highspeed/ratation_trick/Frontside180/Front180_37.mov,player_a,goofy,Frontside180,frontside180,unsupported,False,land,label_metadata,1920,1080,107.72,512,4.75,pass,train,True,True,False
archive_0392,archive_highspeed,data/raw_videos/archive_highspeed/ratation_trick/Frontside180/Front180_38.mov,player_a,goofy,Frontside180,frontside180,unsupported,False,land,label_metadata,1920,1080,111.23,362,3.25,pass,train,True,True,False
archive_0393,archive_highspeed,data/raw_videos/archive_highspeed/ratation_trick/Frontside180/Front180_39.mov,player_a,goofy,Frontside180,frontside180,unsupported,False,land,label_metadata,1920,1080,112.78,288,2.55,pass,train,True,True,False
archive_0394,archive_highspeed,data/raw_videos/archive_highspeed/ratation_trick/Frontside180/Front180_4.MOV,player_a,goofy,Frontside180,frontside180,unsupported,False,land,label_metadata,1920,1080,119.44,436,3.65,pass,train,True,True,False
archive_0395,archive_highspeed,data/raw_videos/archive_highspeed/ratation_trick/Frontside180/Front180_40.mov,player_a,goofy,Frontside180,frontside180,unsupported,False,land,label_metadata,1920,1080,112.59,379,3.37,pass,train,True,True,False
archive_0396,archive_highspeed,data/raw_videos/archive_highspeed/ratation_trick/Frontside180/Front180_41.mov,player_a,goofy,Frontside180,frontside180,unsupported,False,land,label_metadata,1920,1080,105.43,435,4.13,pass,train,True,True,False
archive_0397,archive_highspeed,data/raw_videos/archive_highspeed/ratation_trick/Frontside180/Front180_42.mov,player_a,goofy,Frontside180,frontside180,unsupported,False,land,label_metadata,1920,1080,112.37,232,2.06,pass,train,True,True,False
archive_0398,archive_highspeed,data/raw_videos/archive_highspeed/ratation_trick/Frontside180/Front180_43.mov,player_a,goofy,Frontside180,frontside180,unsupported,False,land,label_metadata,1920,1080,108.27,444,4.1,pass,train,True,True,False
archive_0399,archive_highspeed,data/raw_videos/archive_highspeed/ratation_trick/Frontside180/Front180_44.mov,player_a,goofy,Frontside180,frontside180,unsupported,False,land,label_metadata,1920,1080,119.42,477,3.99,pass,train,True,True,False
archive_0400,archive_highspeed,data/raw_videos/archive_highspeed/ratation_trick/Frontside180/Front180_45.mov,player_a,goofy,Frontside180,frontside180,unsupported,False,land,label_metadata,1920,1080,117.02,351,3.0,pass,train,True,True,False
archive_0401,archive_highspeed,data/raw_videos/archive_highspeed/ratation_trick/Frontside180/Front180_46.mov,player_a,goofy,Frontside180,frontside180,unsupported,False,land,label_metadata,1920,1080,112.48,464,4.12,pass,train,True,True,False
archive_0402,archive_highspeed,data/raw_videos/archive_highspeed/ratation_trick/Frontside180/Front180_47.mov,player_a,goofy,Frontside180,frontside180,unsupported,False,land,label_metadata,1920,1080,108.84,370,3.4,pass,train,True,True,False
archive_0403,archive_highspeed,data/raw_videos/archive_highspeed/ratation_trick/Frontside180/Front180_48.mov,player_a,goofy,Frontside180,frontside180,unsupported,False,land,label_metadata,1920,1080,109.03,417,3.82,pass,train,True,True,False
archive_0404,archive_highspeed,data/raw_videos/archive_highspeed/ratation_trick/Frontside180/Front180_49.mov,player_a,goofy,Frontside180,frontside180,unsupported,False,land,label_metadata,1920,1080,111.07,518,4.66,pass,train,True,True,False
archive_0405,archive_highspeed,data/raw_videos/archive_highspeed/ratation_trick/Frontside180/Front180_5.MOV,player_a,goofy,Frontside180,frontside180,unsupported,False,land,label_metadata,1920,1080,119.19,432,3.62,pass,train,True,True,False
archive_0406,archive_highspeed,data/raw_videos/archive_highspeed/ratation_trick/Frontside180/Front180_50.mov,player_a,goofy,Frontside180,frontside180,unsupported,False,land,label_metadata,1920,1080,106.14,459,4.32,pass,train,True,True,False
archive_0407,archive_highspeed,data/raw_videos/archive_highspeed/ratation_trick/Frontside180/Front180_51.mov,player_a,goofy,Frontside180,frontside180,unsupported,False,land,label_metadata,1920,1080,116.75,393,3.37,pass,train,True,True,False
archive_0408,archive_highspeed,data/raw_videos/archive_highspeed/ratation_trick/Frontside180/Front180_52.mov,player_a,goofy,Frontside180,frontside180,unsupported,False,land,label_metadata,1920,1080,106.15,385,3.63,pass,train,True,True,False
archive_0409,archive_highspeed,data/raw_videos/archive_highspeed/ratation_trick/Frontside180/Front180_53.mov,player_a,goofy,Frontside180,frontside180,unsupported,False,land,label_metadata,1920,1080,104.23,350,3.36,pass,train,True,True,False
archive_0410,archive_highspeed,data/raw_videos/archive_highspeed/ratation_trick/Frontside180/Front180_6.MOV,player_a,goofy,Frontside180,frontside180,unsupported,False,land,label_metadata,1920,1080,119.34,461,3.86,pass,train,True,True,False
archive_0411,archive_highspeed,data/raw_videos/archive_highspeed/ratation_trick/Frontside180/Front180_7.MOV,player_a,goofy,Frontside180,frontside180,unsupported,False,land,label_metadata,1920,1080,119.24,465,3.9,pass,train,True,True,False
archive_0412,archive_highspeed,data/raw_videos/archive_highspeed/ratation_trick/Frontside180/Front180_8.MOV,player_a,goofy,Frontside180,frontside180,unsupported,False,land,label_metadata,1920,1080,119.1,389,3.27,pass,train,True,True,False
archive_0413,archive_highspeed,data/raw_videos/archive_highspeed/ratation_trick/Frontside180/Front180_9.MOV,player_a,goofy,Frontside180,frontside180,unsupported,False,land,label_metadata,1920,1080,119.29,493,4.13,pass,train,True,True,False
batb_0001,thrasher_batb,data/raw_videos/thrasher_batb/big heel sean.mov,sean_malto,regular,big heel sean,big_heelflip,coupled_trick,False,land,directory_heuristic,1280,720,60.0,109,1.82,pass,train,True,True,False
batb_0002,thrasher_batb,data/raw_videos/thrasher_batb/bs 180 colbourn.mov,jack_colbourn,regular,bs 180 colbourn,backside_180,180_trick,True,land,directory_heuristic,1280,720,60.0,162,2.7,pass,train,True,True,False
batb_0003,thrasher_batb,data/raw_videos/thrasher_batb/bs 180 heelflip chris cole.mov,chris_cole,regular,bs 180 heelflip chris cole,heelflip,flip_trick,True,land,directory_heuristic,1280,720,23.98,54,2.25,low_fps,train,False,False,False
batb_0004,thrasher_batb,data/raw_videos/thrasher_batb/bs 180 sean.mov,sean_malto,regular,bs 180 sean,backside_180,180_trick,True,land,directory_heuristic,1280,720,60.0,97,1.62,pass,train,True,True,False
batb_0005,thrasher_batb,data/raw_videos/thrasher_batb/caballerial flip joslin.mov,chris_joslin,fakie,caballerial flip joslin,kickflip,flip_trick,True,land,directory_heuristic,1280,720,60.0,164,2.73,pass,test,True,True,True
batb_0006,thrasher_batb,data/raw_videos/thrasher_batb/fakie fs bigspin joslin.mov,chris_joslin,fakie,fakie fs bigspin joslin,bigspin,coupled_trick,False,land,directory_heuristic,1280,720,60.0,127,2.12,pass,test,True,True,True
batb_0007,thrasher_batb,data/raw_videos/thrasher_batb/fakie fs hardflip joslin.mov,chris_joslin,fakie,fakie fs hardflip joslin,hardflip,coupled_trick,False,land,directory_heuristic,1280,720,58.32,174,2.98,pass,test,True,False,True
batb_0008,thrasher_batb,data/raw_videos/thrasher_batb/fakie fs hardflip nick.mov,nick_tucker,fakie,fakie fs hardflip nick,hardflip,coupled_trick,False,land,directory_heuristic,1280,720,56.09,201,3.58,pass,train,True,False,False
batb_0009,thrasher_batb,data/raw_videos/thrasher_batb/fakie fs shuv sean.mov,sean_malto,fakie,fakie fs shuv sean,frontside_shuvit,shuv_trick,True,land,directory_heuristic,1280,720,60.0,109,1.82,pass,train,True,True,False
batb_0010,thrasher_batb,data/raw_videos/thrasher_batb/fakie inward heel colbourn.mov,jack_colbourn,fakie,fakie inward heel colbourn,inward_heelflip,coupled_trick,False,land,directory_heuristic,1280,720,60.0,138,2.3,pass,train,True,True,False
batb_0011,thrasher_batb,data/raw_videos/thrasher_batb/fakie inward heel sean.mov,sean_malto,fakie,fakie inward heel sean,inward_heelflip,coupled_trick,False,land,directory_heuristic,1280,720,60.0,176,2.93,pass,train,True,True,False
batb_0012,thrasher_batb,data/raw_videos/thrasher_batb/fakie varial heel colbourn.mov,jack_colbourn,fakie,fakie varial heel colbourn,varial_heelflip,coupled_trick,False,land,directory_heuristic,1280,720,60.0,142,2.37,pass,train,True,True,False
batb_0013,thrasher_batb,data/raw_videos/thrasher_batb/fakie varial heel sean.mov,sean_malto,fakie,fakie varial heel sean,varial_heelflip,coupled_trick,False,land,directory_heuristic,1280,720,60.0,129,2.15,pass,train,True,True,False
batb_0014,thrasher_batb,data/raw_videos/thrasher_batb/Frontflip Dennis Busenitz.mov,dennis_busenitz,regular,Frontflip Dennis Busenitz,kickflip,flip_trick,True,land,directory_heuristic,1280,720,23.98,46,1.92,low_fps,train,False,False,False
batb_0015,thrasher_batb,data/raw_videos/thrasher_batb/Frontside 360 Chris Cole.mov,chris_cole,regular,Frontside 360 Chris Cole,frontside_360,180_trick,False,land,directory_heuristic,1280,720,23.98,43,1.79,low_fps,train,False,False,False
batb_0016,thrasher_batb,data/raw_videos/thrasher_batb/fs 180 one foot shane.mov,shane_oneill,regular,fs 180 one foot shane,frontside_180,180_trick,True,land,directory_heuristic,1280,720,60.0,141,2.35,pass,val,True,True,True
batb_0017,thrasher_batb,data/raw_videos/thrasher_batb/fs bigspin cody cepeda.mov,cody_cepeda,regular,fs bigspin cody cepeda,bigspin,coupled_trick,False,land,directory_heuristic,1280,720,60.0,114,1.9,pass,train,True,True,False
batb_0018,thrasher_batb,data/raw_videos/thrasher_batb/fs bigspin joslin.mov,chris_joslin,regular,fs bigspin joslin,bigspin,coupled_trick,False,land,directory_heuristic,1280,720,60.0,117,1.95,pass,test,True,True,True
batb_0019,thrasher_batb,data/raw_videos/thrasher_batb/fs bigspin luan.mov,luan_oliveira,regular,fs bigspin luan,bigspin,coupled_trick,False,land,directory_heuristic,1280,720,60.0,116,1.93,pass,test,True,True,False
batb_0020,thrasher_batb,data/raw_videos/thrasher_batb/fs bigspin sewa.mov,sewa_kroetkov,regular,fs bigspin sewa,bigspin,coupled_trick,False,land,directory_heuristic,1280,720,60.0,125,2.08,pass,test,True,True,True
batb_0021,thrasher_batb,data/raw_videos/thrasher_batb/fs halfcab heel joslin.mov,chris_joslin,fakie,fs halfcab heel joslin,heelflip,flip_trick,True,land,directory_heuristic,1280,720,58.76,142,2.42,pass,test,True,False,False
batb_0022,thrasher_batb,data/raw_videos/thrasher_batb/fs halfcab heelflip pj.mov,pj_ladd,fakie,fs halfcab heelflip pj,heelflip,flip_trick,True,land,directory_heuristic,1280,720,60.0,125,2.08,pass,val,True,True,False
batb_0023,thrasher_batb,data/raw_videos/thrasher_batb/fs halfcab heelflip shane.mov,shane_oneill,fakie,fs halfcab heelflip shane,heelflip,flip_trick,True,land,directory_heuristic,1280,720,60.0,132,2.2,pass,val,True,True,True
batb_0024,thrasher_batb,data/raw_videos/thrasher_batb/fs hardflip sewa copy.mov,sewa_kroetkov,regular,fs hardflip sewa copy,hardflip,coupled_trick,False,land,directory_heuristic,1280,720,57.35,238,4.15,pass,test,True,False,True
batb_0025,thrasher_batb,data/raw_videos/thrasher_batb/fs hardflip sewa.mov,sewa_kroetkov,regular,fs hardflip sewa,hardflip,coupled_trick,False,land,directory_heuristic,1280,720,60.0,183,3.05,pass,test,True,True,True
batb_0026,thrasher_batb,data/raw_videos/thrasher_batb/impossible colbourn.mov,jack_colbourn,regular,impossible colbourn,impossible,coupled_trick,False,land,directory_heuristic,1280,720,60.0,122,2.03,pass,train,True,True,False
batb_0027,thrasher_batb,data/raw_videos/thrasher_batb/impossible sean.mov,sean_malto,regular,impossible sean,impossible,coupled_trick,False,land,directory_heuristic,1280,720,60.0,132,2.2,pass,train,True,True,False
batb_0028,thrasher_batb,data/raw_videos/thrasher_batb/inward heel colbourn.mov,jack_colbourn,regular,inward heel colbourn,inward_heelflip,coupled_trick,False,land,directory_heuristic,1280,720,60.0,149,2.48,pass,train,True,True,False
batb_0029,thrasher_batb,data/raw_videos/thrasher_batb/inward heel sean.mov,sean_malto,regular,inward heel sean,inward_heelflip,coupled_trick,False,land,directory_heuristic,1280,720,60.0,137,2.28,pass,train,True,True,False
batb_0030,thrasher_batb,data/raw_videos/thrasher_batb/nollie 360 body varial flip colbourn.mov,jack_colbourn,nollie,nollie 360 body varial flip colbourn,kickflip,flip_trick,True,land,directory_heuristic,1280,720,60.0,203,3.38,pass,train,True,True,False
batb_0031,thrasher_batb,data/raw_videos/thrasher_batb/nollie 360 body varial flip sean.mov,sean_malto,nollie,nollie 360 body varial flip sean,kickflip,flip_trick,True,land,directory_heuristic,1280,720,57.07,117,2.05,pass,train,True,False,False
batb_0032,thrasher_batb,data/raw_videos/thrasher_batb/nollie back flip luan.mov,luan_oliveira,nollie,nollie back flip luan,kickflip,flip_trick,True,land,directory_heuristic,1280,720,60.0,119,1.98,pass,test,True,True,False
batb_0033,thrasher_batb,data/raw_videos/thrasher_batb/nollie back flip pudwill.mov,torey_pudwill,nollie,nollie back flip pudwill,kickflip,flip_trick,True,land,directory_heuristic,1280,720,60.0,151,2.52,pass,train,True,True,False
batb_0034,thrasher_batb,data/raw_videos/thrasher_batb/nollie bs bigspin 360 shane.mov,shane_oneill,nollie,nollie bs bigspin 360 shane,bigspin,coupled_trick,False,land,directory_heuristic,1280,720,57.39,154,2.68,pass,val,True,False,True
batb_0035,thrasher_batb,data/raw_videos/thrasher_batb/nollie bs flip joslin.mov,chris_joslin,nollie,nollie bs flip joslin,kickflip,flip_trick,True,land,directory_heuristic,1280,720,60.0,141,2.35,pass,test,True,True,False
batb_0036,thrasher_batb,data/raw_videos/thrasher_batb/nollie bs flip luan.mov,luan_oliveira,nollie,nollie bs flip luan,kickflip,flip_trick,True,land,directory_heuristic,1280,720,55.8,133,2.38,pass,test,True,False,False
batb_0037,thrasher_batb,data/raw_videos/thrasher_batb/nollie bs heel sewa.mov,sewa_kroetkov,nollie,nollie bs heel sewa,heelflip,flip_trick,True,land,directory_heuristic,1280,720,60.0,168,2.8,pass,test,True,True,False
batb_0038,thrasher_batb,data/raw_videos/thrasher_batb/nollie front big heel shane.mov,shane_oneill,nollie,nollie front big heel shane,big_heelflip,coupled_trick,False,land,directory_heuristic,1280,720,59.02,181,3.07,pass,val,True,False,False
batb_0039,thrasher_batb,data/raw_videos/thrasher_batb/nollie fs 180 colbourn.mov,jack_colbourn,nollie,nollie fs 180 colbourn,frontside_180,180_trick,True,land,directory_heuristic,1280,720,60.0,117,1.95,pass,train,True,True,False
batb_0040,thrasher_batb,data/raw_videos/thrasher_batb/nollie fs 180 sean.mov,sean_malto,nollie,nollie fs 180 sean,frontside_180,180_trick,True,land,directory_heuristic,1280,720,60.0,105,1.75,pass,train,True,True,False
batb_0041,thrasher_batb,data/raw_videos/thrasher_batb/nollie fs big heel shane.mov,shane_oneill,nollie,nollie fs big heel shane,big_heelflip,coupled_trick,False,land,directory_heuristic,1280,720,60.0,149,2.48,pass,val,True,True,False
batb_0042,thrasher_batb,data/raw_videos/thrasher_batb/nollie fs bigspin colbourn.mov,jack_colbourn,nollie,nollie fs bigspin colbourn,bigspin,coupled_trick,False,land,directory_heuristic,1280,720,60.0,120,2.0,pass,train,True,True,False
batb_0043,thrasher_batb,data/raw_videos/thrasher_batb/nollie fs bigspin sean.mov,sean_malto,nollie,nollie fs bigspin sean,bigspin,coupled_trick,False,land,directory_heuristic,1280,720,60.0,166,2.77,pass,train,True,True,False
batb_0044,thrasher_batb,data/raw_videos/thrasher_batb/nollie fs inward heel shane.mov,shane_oneill,nollie,nollie fs inward heel shane,inward_heelflip,coupled_trick,False,land,directory_heuristic,1280,720,60.0,175,2.92,pass,val,True,True,False
batb_0045,thrasher_batb,data/raw_videos/thrasher_batb/nollie late flip sewa.mov,sewa_kroetkov,nollie,nollie late flip sewa,kickflip,flip_trick,True,land,directory_heuristic,1280,720,60.0,162,2.7,pass,test,True,True,False
batb_0046,thrasher_batb,data/raw_videos/thrasher_batb/pressure flip nick tucker.mov,nick_tucker,regular,pressure flip nick tucker,pressureflip,flip_trick,False,land,directory_heuristic,1280,720,60.0,155,2.58,pass,train,True,True,False
batb_0047,thrasher_batb,data/raw_videos/thrasher_batb/pressure flip shane.mov,shane_oneill,regular,pressure flip shane,pressureflip,flip_trick,False,land,directory_heuristic,1280,720,59.07,127,2.15,pass,val,True,False,False
batb_0048,thrasher_batb,data/raw_videos/thrasher_batb/switch 3 shuv luan.mov,luan_oliveira,switch,switch 3 shuv luan,360_shuvit,shuv_trick,False,land,directory_heuristic,1280,720,60.0,138,2.3,pass,test,True,True,False
batb_0049,thrasher_batb,data/raw_videos/thrasher_batb/switch 360 double flip sewa.mov,sewa_kroetkov,switch,switch 360 double flip sewa,360_double_flip,coupled_trick,False,land,directory_heuristic,1280,720,58.43,186,3.18,pass,test,True,False,False
batb_0050,thrasher_batb,data/raw_videos/thrasher_batb/switch 360 double flip shane.mov,shane_oneill,switch,switch 360 double flip shane,360_double_flip,coupled_trick,False,land,directory_heuristic,1280,720,60.0,185,3.08,pass,val,True,True,False
batb_0051,thrasher_batb,data/raw_videos/thrasher_batb/switch 360 flip revert luan.mov,luan_oliveira,switch,switch 360 flip revert luan,360_flip,coupled_trick,True,land,directory_heuristic,1280,720,60.0,156,2.6,pass,test,True,True,False
batb_0052,thrasher_batb,data/raw_videos/thrasher_batb/switch back flip sewa.mov,sewa_kroetkov,switch,switch back flip sewa,kickflip,flip_trick,True,land,directory_heuristic,1280,720,57.65,172,2.98,pass,test,True,False,False
batb_0053,thrasher_batb,data/raw_videos/thrasher_batb/switch big heel shane.mov,shane_oneill,switch,switch big heel shane,big_heelflip,coupled_trick,False,land,directory_heuristic,1280,720,60.0,147,2.45,pass,val,True,True,False
batb_0054,thrasher_batb,data/raw_videos/thrasher_batb/switch bs 360 pj.mov,pj_ladd,switch,switch bs 360 pj,backside_360,180_trick,False,land,directory_heuristic,1280,720,60.0,152,2.53,pass,val,True,True,False
batb_0055,thrasher_batb,data/raw_videos/thrasher_batb/switch double heel cody cepeda.mov,cody_cepeda,switch,switch double heel cody cepeda,heelflip,flip_trick,True,land,directory_heuristic,1280,720,60.0,116,1.93,pass,train,True,True,False
batb_0056,thrasher_batb,data/raw_videos/thrasher_batb/switch inward heel nick tucker.mov,nick_tucker,switch,switch inward heel nick tucker,inward_heelflip,coupled_trick,False,land,directory_heuristic,1280,720,58.66,175,2.98,pass,train,True,False,False
batb_0057,thrasher_batb,data/raw_videos/thrasher_batb/switch lazer cody.mov,cody_cepeda,switch,switch lazer cody,lazer_flip,coupled_trick,False,land,directory_heuristic,1280,720,60.0,125,2.08,pass,train,True,True,False
batb_0058,thrasher_batb,data/raw_videos/thrasher_batb/switch shuv luan.mov,luan_oliveira,switch,switch shuv luan,pop_shuvit,shuv_trick,True,land,directory_heuristic,1280,720,60.0,115,1.92,pass,test,True,True,False
batb_0059,thrasher_batb,data/raw_videos/thrasher_batb/360 double flip/360 double flip cody cepeda.mov,cody_cepeda,regular,360 double flip,360_double_flip,coupled_trick,False,land,directory_heuristic,1280,720,60.0,145,2.42,pass,train,True,True,False
batb_0060,thrasher_batb,data/raw_videos/thrasher_batb/360 double flip/360 double flip sewa 1.mov,sewa_kroetkov,regular,360 double flip,360_double_flip,coupled_trick,False,land,directory_heuristic,1280,720,58.79,146,2.48,pass,test,True,False,False
batb_0061,thrasher_batb,data/raw_videos/thrasher_batb/360 double flip/360 double flip sewa copy 2.mov,sewa_kroetkov,regular,360 double flip,360_double_flip,coupled_trick,False,land,directory_heuristic,1280,720,60.0,142,2.37,pass,test,True,True,False
batb_0062,thrasher_batb,data/raw_videos/thrasher_batb/360 double flip/360 double flip sewa copy.mov,sewa_kroetkov,regular,360 double flip,360_double_flip,coupled_trick,False,land,directory_heuristic,1280,720,58.47,230,3.93,pass,test,True,False,False
batb_0063,thrasher_batb,data/raw_videos/thrasher_batb/360 double flip/360 double flip sewa.mov,sewa_kroetkov,regular,360 double flip,360_double_flip,coupled_trick,False,land,directory_heuristic,1280,720,60.0,159,2.65,pass,test,True,True,False
batb_0064,thrasher_batb,data/raw_videos/thrasher_batb/360 double flip/360 double flip shane.mov,shane_oneill,regular,360 double flip,360_double_flip,coupled_trick,False,land,directory_heuristic,1280,720,56.13,203,3.62,pass,val,True,False,False
batb_0065,thrasher_batb,data/raw_videos/thrasher_batb/360 flip/360 flip chris cole.mov,chris_cole,regular,360 flip,360_flip,coupled_trick,True,land,directory_heuristic,1280,720,23.98,49,2.04,low_fps,train,False,False,False
batb_0066,thrasher_batb,data/raw_videos/thrasher_batb/360 flip/360 flip cody cepeda.mov,cody_cepeda,regular,360 flip,360_flip,coupled_trick,True,land,directory_heuristic,1280,720,60.0,113,1.88,pass,train,True,True,False
batb_0067,thrasher_batb,data/raw_videos/thrasher_batb/360 flip/360 flip colbourn.mov,jack_colbourn,regular,360 flip,360_flip,coupled_trick,True,land,directory_heuristic,1280,720,60.0,107,1.78,pass,train,True,True,False
batb_0068,thrasher_batb,data/raw_videos/thrasher_batb/360 flip/360 Flip Dennis Busenitz.mov,dennis_busenitz,regular,360 flip,360_flip,coupled_trick,True,land,directory_heuristic,1280,720,23.98,33,1.38,low_fps,train,False,False,False
batb_0069,thrasher_batb,data/raw_videos/thrasher_batb/360 flip/360 flip fyock.mov,tom_fyock,regular,360 flip,360_flip,coupled_trick,True,land,directory_heuristic,1280,720,60.0,143,2.38,pass,train,True,True,False
batb_0070,thrasher_batb,data/raw_videos/thrasher_batb/360 flip/360 flip joslin copy 2.mov,chris_joslin,regular,360 flip,360_flip,coupled_trick,True,land,directory_heuristic,1280,720,59.17,143,2.42,pass,test,True,False,False
batb_0071,thrasher_batb,data/raw_videos/thrasher_batb/360 flip/360 flip joslin copy.mov,chris_joslin,regular,360 flip,360_flip,coupled_trick,True,land,directory_heuristic,1280,720,60.0,131,2.18,pass,test,True,True,False
batb_0072,thrasher_batb,data/raw_videos/thrasher_batb/360 flip/360 flip joslin.mov,chris_joslin,regular,360 flip,360_flip,coupled_trick,True,land,directory_heuristic,1280,720,60.0,175,2.92,pass,test,True,True,False
batb_0073,thrasher_batb,data/raw_videos/thrasher_batb/360 flip/360 flip luan copy.mov,luan_oliveira,regular,360 flip,360_flip,coupled_trick,True,land,directory_heuristic,1280,720,60.0,110,1.83,pass,test,True,True,False
batb_0074,thrasher_batb,data/raw_videos/thrasher_batb/360 flip/360 flip luan.mov,luan_oliveira,regular,360 flip,360_flip,coupled_trick,True,land,directory_heuristic,1280,720,60.0,126,2.1,pass,test,True,True,False
batb_0075,thrasher_batb,data/raw_videos/thrasher_batb/360 flip/360 flip nick tucker copy.mov,nick_tucker,regular,360 flip,360_flip,coupled_trick,True,land,directory_heuristic,1280,720,60.0,215,3.58,pass,train,True,True,False
batb_0076,thrasher_batb,data/raw_videos/thrasher_batb/360 flip/360 flip nick tucker.mov,nick_tucker,regular,360 flip,360_flip,coupled_trick,True,land,directory_heuristic,1280,720,23.98,48,2.0,low_fps,train,False,False,False
batb_0077,thrasher_batb,data/raw_videos/thrasher_batb/360 flip/360 flip pj.mov,pj_ladd,regular,360 flip,360_flip,coupled_trick,True,land,directory_heuristic,1280,720,60.0,115,1.92,pass,val,True,True,False
batb_0078,thrasher_batb,data/raw_videos/thrasher_batb/360 flip/360 flip pudwill.mov,torey_pudwill,regular,360 flip,360_flip,coupled_trick,True,land,directory_heuristic,1280,720,60.0,136,2.27,pass,train,True,True,False
batb_0079,thrasher_batb,data/raw_videos/thrasher_batb/360 flip/360 flip sean.mov,sean_malto,regular,360 flip,360_flip,coupled_trick,True,land,directory_heuristic,1280,720,60.0,113,1.88,pass,train,True,True,False
batb_0080,thrasher_batb,data/raw_videos/thrasher_batb/360 flip/360 flip sewa 1.mov,sewa_kroetkov,regular,360 flip,360_flip,coupled_trick,True,land,directory_heuristic,1280,720,58.99,117,1.98,pass,test,True,False,False
batb_0081,thrasher_batb,data/raw_videos/thrasher_batb/360 flip/360 flip sewa copy 2.mov,sewa_kroetkov,regular,360 flip,360_flip,coupled_trick,True,land,directory_heuristic,1280,720,60.0,116,1.93,pass,test,True,True,False
batb_0082,thrasher_batb,data/raw_videos/thrasher_batb/360 flip/360 flip sewa copy.mov,sewa_kroetkov,regular,360 flip,360_flip,coupled_trick,True,land,directory_heuristic,1280,720,60.0,139,2.32,pass,test,True,True,False
batb_0083,thrasher_batb,data/raw_videos/thrasher_batb/360 flip/360 flip sewa.mov,sewa_kroetkov,regular,360 flip,360_flip,coupled_trick,True,land,directory_heuristic,1280,720,60.0,107,1.78,pass,test,True,True,False
batb_0084,thrasher_batb,data/raw_videos/thrasher_batb/360 flip/360 flip shane copy.mov,shane_oneill,regular,360 flip,360_flip,coupled_trick,True,land,directory_heuristic,1280,720,54.4,136,2.5,pass,val,True,False,False
batb_0085,thrasher_batb,data/raw_videos/thrasher_batb/360 flip/360 flip shane.mov,shane_oneill,regular,360 flip,360_flip,coupled_trick,True,land,directory_heuristic,1280,720,60.0,132,2.2,pass,val,True,True,False
batb_0086,thrasher_batb,data/raw_videos/thrasher_batb/360 shuv/3 shuv cody cepeda.mov,cody_cepeda,regular,360 shuv,360_shuvit,shuv_trick,False,land,directory_heuristic,1280,720,60.0,120,2.0,pass,train,True,True,False
batb_0087,thrasher_batb,data/raw_videos/thrasher_batb/360 shuv/3 shuv joslin.mov,chris_joslin,regular,360 shuv,360_shuvit,shuv_trick,False,land,directory_heuristic,1280,720,59.5,120,2.02,pass,test,True,False,False
batb_0088,thrasher_batb,data/raw_videos/thrasher_batb/360 shuv/3 shuv nick tucker.mov,nick_tucker,regular,360 shuv,360_shuvit,shuv_trick,False,land,directory_heuristic,1280,720,55.47,147,2.65,pass,train,True,False,False
batb_0089,thrasher_batb,data/raw_videos/thrasher_batb/360 shuv/3 shuv pj.mov,pj_ladd,regular,360 shuv,360_shuvit,shuv_trick,False,land,directory_heuristic,1280,720,60.0,125,2.08,pass,val,True,True,False
batb_0090,thrasher_batb,data/raw_videos/thrasher_batb/360 shuv/3 shuv sewa copy.mov,sewa_kroetkov,regular,360 shuv,360_shuvit,shuv_trick,False,land,directory_heuristic,1280,720,60.0,213,3.55,pass,test,True,True,False
batb_0091,thrasher_batb,data/raw_videos/thrasher_batb/360 shuv/3 shuv sewa.mov,sewa_kroetkov,regular,360 shuv,360_shuvit,shuv_trick,False,land,directory_heuristic,1280,720,60.0,105,1.75,pass,test,True,True,False
batb_0092,thrasher_batb,data/raw_videos/thrasher_batb/360 shuv/3 shuv shane copy.mov,shane_oneill,regular,360 shuv,360_shuvit,shuv_trick,False,land,directory_heuristic,1280,720,60.0,145,2.42,pass,val,True,True,False
batb_0093,thrasher_batb,data/raw_videos/thrasher_batb/360 shuv/3 shuv shane.mov,shane_oneill,regular,360 shuv,360_shuvit,shuv_trick,False,land,directory_heuristic,1280,720,60.0,135,2.25,pass,val,True,True,False
batb_0094,thrasher_batb,data/raw_videos/thrasher_batb/360 shuv/360 shuv fyock.mov,tom_fyock,regular,360 shuv,360_shuvit,shuv_trick,False,land,directory_heuristic,1280,720,60.0,142,2.37,pass,train,True,True,False
batb_0095,thrasher_batb,data/raw_videos/thrasher_batb/360 shuv/360 shuv sewa.mov,sewa_kroetkov,regular,360 shuv,360_shuvit,shuv_trick,False,land,directory_heuristic,1280,720,60.0,127,2.12,pass,test,True,True,False
batb_0096,thrasher_batb,data/raw_videos/thrasher_batb/540 shuv/540 shuv cody cepeda.mov,cody_cepeda,regular,540 shuv,540_shuvit,shuv_trick,False,land,directory_heuristic,1280,720,60.0,135,2.25,pass,train,True,True,False
batb_0097,thrasher_batb,data/raw_videos/thrasher_batb/540 shuv/540 shuv sewa copy.mov,sewa_kroetkov,regular,540 shuv,540_shuvit,shuv_trick,False,land,directory_heuristic,1280,720,60.0,131,2.18,pass,test,True,True,False
batb_0098,thrasher_batb,data/raw_videos/thrasher_batb/540 shuv/540 shuv sewa.mov,sewa_kroetkov,regular,540 shuv,540_shuvit,shuv_trick,False,land,directory_heuristic,1280,720,60.0,148,2.47,pass,test,True,True,False
batb_0099,thrasher_batb,data/raw_videos/thrasher_batb/backside 180 hardflip/bs hardflip joslin copy.mov,chris_joslin,regular,backside 180 hardflip,hardflip,coupled_trick,False,land,directory_heuristic,1280,720,58.14,156,2.68,pass,test,True,False,False
batb_0100,thrasher_batb,data/raw_videos/thrasher_batb/backside 180 hardflip/bs hardflip joslin.mov,chris_joslin,regular,backside 180 hardflip,hardflip,coupled_trick,False,land,directory_heuristic,1280,720,60.0,140,2.33,pass,test,True,True,False
batb_0101,thrasher_batb,data/raw_videos/thrasher_batb/backside 180 hardflip/bs hardflip luan.mov,luan_oliveira,regular,backside 180 hardflip,hardflip,coupled_trick,False,land,directory_heuristic,1280,720,60.0,162,2.7,pass,test,True,True,False
batb_0102,thrasher_batb,data/raw_videos/thrasher_batb/backside 180 hardflip/bs hardflip sewa copy.mov,sewa_kroetkov,regular,backside 180 hardflip,hardflip,coupled_trick,False,land,directory_heuristic,1280,720,60.0,182,3.03,pass,test,True,True,False
batb_0103,thrasher_batb,data/raw_videos/thrasher_batb/backside 180 hardflip/bs hardflip sewa.mov,sewa_kroetkov,regular,backside 180 hardflip,hardflip,coupled_trick,False,land,directory_heuristic,1280,720,60.0,155,2.58,pass,test,True,True,False
batb_0104,thrasher_batb,data/raw_videos/thrasher_batb/backside 180 heelflip/back heel joslin.mov,chris_joslin,regular,backside 180 heelflip,heelflip,flip_trick,True,land,directory_heuristic,1280,720,57.39,110,1.92,pass,test,True,False,False
batb_0105,thrasher_batb,data/raw_videos/thrasher_batb/backside 180 heelflip/back heel nick.mov,nick_tucker,regular,backside 180 heelflip,heelflip,flip_trick,True,land,directory_heuristic,1280,720,55.53,149,2.68,pass,train,True,False,False
batb_0106,thrasher_batb,data/raw_videos/thrasher_batb/backside 180 heelflip/bs 180 heel colbourn.mov,jack_colbourn,regular,backside 180 heelflip,heelflip,flip_trick,True,land,directory_heuristic,1280,720,60.0,130,2.17,pass,train,True,True,False
batb_0107,thrasher_batb,data/raw_videos/thrasher_batb/backside 180 heelflip/bs 180 heel sean.mov,sean_malto,regular,backside 180 heelflip,heelflip,flip_trick,True,land,directory_heuristic,1280,720,60.0,127,2.12,pass,train,True,True,False
batb_0108,thrasher_batb,data/raw_videos/thrasher_batb/backside 180 heelflip/bs 180 heelflip chris cole.mov,chris_cole,regular,backside 180 heelflip,heelflip,flip_trick,True,land,directory_heuristic,1280,720,23.98,54,2.25,low_fps,train,False,False,False
batb_0109,thrasher_batb,data/raw_videos/thrasher_batb/backside 180 heelflip/bs heel joslin.mov,chris_joslin,regular,backside 180 heelflip,heelflip,flip_trick,True,land,directory_heuristic,1280,720,56.62,151,2.67,pass,test,True,False,False
batb_0110,thrasher_batb,data/raw_videos/thrasher_batb/backside 180 heelflip/bs heel sewa.mov,sewa_kroetkov,regular,backside 180 heelflip,heelflip,flip_trick,True,land,directory_heuristic,1280,720,60.0,166,2.77,pass,test,True,True,False
batb_0111,thrasher_batb,data/raw_videos/thrasher_batb/backside 180 kickflip/bs flip joslin.mov,chris_joslin,regular,backside 180 kickflip,kickflip,flip_trick,True,land,directory_heuristic,1280,720,60.0,124,2.07,pass,test,True,True,False
batb_0112,thrasher_batb,data/raw_videos/thrasher_batb/backside 180 kickflip/bs flip luan.mov,luan_oliveira,regular,backside 180 kickflip,kickflip,flip_trick,True,land,directory_heuristic,1280,720,60.0,144,2.4,pass,test,True,True,False
batb_0113,thrasher_batb,data/raw_videos/thrasher_batb/backside 180 pressure flip/bs 180 pressure flip pj.mov,pj_ladd,regular,backside 180 pressure flip,pressureflip,flip_trick,False,land,directory_heuristic,1280,720,60.0,150,2.5,pass,val,True,True,False
batb_0114,thrasher_batb,data/raw_videos/thrasher_batb/backside 180 pressure flip/bs 180 pressure flip shane.mov,shane_oneill,regular,backside 180 pressure flip,pressureflip,flip_trick,False,land,directory_heuristic,1280,720,60.0,152,2.53,pass,val,True,True,False
batb_0115,thrasher_batb,data/raw_videos/thrasher_batb/backside 360/backside 360 chris cole copy.mov,chris_cole,regular,backside 360,backside_360,180_trick,False,land,directory_heuristic,1280,720,23.98,50,2.09,low_fps,train,False,False,False
batb_0116,thrasher_batb,data/raw_videos/thrasher_batb/backside 360/Backside 360 Chris Cole.mov,chris_cole,regular,backside 360,backside_360,180_trick,False,land,directory_heuristic,1280,720,23.98,43,1.79,low_fps,train,False,False,False
batb_0117,thrasher_batb,data/raw_videos/thrasher_batb/backside 360/bs 360 nick tucker.mov,nick_tucker,regular,backside 360,backside_360,180_trick,False,land,directory_heuristic,1280,720,23.98,46,1.92,low_fps,train,False,False,False
batb_0118,thrasher_batb,data/raw_videos/thrasher_batb/backside 360/bs 360 one foot joslin copy.mov,chris_joslin,regular,backside 360,backside_360,180_trick,False,land,directory_heuristic,1280,720,59.38,192,3.23,pass,test,True,False,False
batb_0119,thrasher_batb,data/raw_videos/thrasher_batb/backside 360/bs 360 one foot joslin.mov,chris_joslin,regular,backside 360,backside_360,180_trick,False,land,directory_heuristic,1280,720,60.0,154,2.57,pass,test,True,True,False
batb_0120,thrasher_batb,data/raw_videos/thrasher_batb/backside 360/bs 360 one foot luan.mov,luan_oliveira,regular,backside 360,backside_360,180_trick,False,land,directory_heuristic,1280,720,60.0,187,3.12,pass,test,True,True,False
batb_0121,thrasher_batb,data/raw_videos/thrasher_batb/backside 360/bs 360 one foot nick.mov,nick_tucker,regular,backside 360,backside_360,180_trick,False,land,directory_heuristic,1280,720,60.0,164,2.73,pass,train,True,True,False
batb_0122,thrasher_batb,data/raw_videos/thrasher_batb/backside biggerspin/bs biggerspin nick tucker.mov,nick_tucker,regular,backside biggerspin,biggerspin,coupled_trick,False,land,directory_heuristic,1280,720,57.15,241,4.22,pass,train,True,False,False
batb_0123,thrasher_batb,data/raw_videos/thrasher_batb/backside biggerspin/bs biggerspin sewa.mov,sewa_kroetkov,regular,backside biggerspin,biggerspin,coupled_trick,False,land,directory_heuristic,1280,720,59.29,166,2.8,pass,test,True,False,False
batb_0124,thrasher_batb,data/raw_videos/thrasher_batb/backside biggerspin/bs biggerspin shane.mov,shane_oneill,regular,backside biggerspin,biggerspin,coupled_trick,False,land,directory_heuristic,1280,720,60.0,202,3.37,pass,val,True,True,False
batb_0125,thrasher_batb,data/raw_videos/thrasher_batb/backside flip/backside flip luan.mov,luan_oliveira,regular,backside flip,kickflip,flip_trick,True,land,directory_heuristic,1280,720,60.0,122,2.03,pass,test,True,True,False
batb_0126,thrasher_batb,data/raw_videos/thrasher_batb/backside flip/backside flip revert pudwill.mov,torey_pudwill,regular,backside flip,kickflip,flip_trick,True,land,directory_heuristic,1280,720,60.0,194,3.23,pass,train,True,True,False
batb_0127,thrasher_batb,data/raw_videos/thrasher_batb/bails/bail 2 switch 360 double flip pj.mov,pj_ladd,switch,bails,360_double_flip,coupled_trick,False,bail,directory_heuristic,1280,720,60.0,280,4.67,pass,val,True,True,False
batb_0128,thrasher_batb,data/raw_videos/thrasher_batb/bails/bail 360 double flip fyock.mov,tom_fyock,regular,bails,360_double_flip,coupled_trick,False,bail,directory_heuristic,1280,720,60.0,139,2.32,pass,train,True,True,False
batb_0129,thrasher_batb,data/raw_videos/thrasher_batb/bails/bail 360 double flip josllin.mov,chris_joslin,regular,bails,360_double_flip,coupled_trick,False,bail,directory_heuristic,1280,720,60.0,137,2.28,pass,test,True,True,True
batb_0130,thrasher_batb,data/raw_videos/thrasher_batb/bails/bail 540 shuv fyock 1.mov,tom_fyock,regular,bails,540_shuvit,shuv_trick,False,bail,directory_heuristic,1280,720,60.0,127,2.12,pass,train,True,True,False
batb_0131,thrasher_batb,data/raw_videos/thrasher_batb/bails/bail 540 shuv fyock.mov,tom_fyock,regular,bails,540_shuvit,shuv_trick,False,bail,directory_heuristic,1280,720,60.0,206,3.43,pass,train,True,True,False
batb_0132,thrasher_batb,data/raw_videos/thrasher_batb/bails/Bail Backside 360 Dennis Busenitz.mov,dennis_busenitz,regular,bails,backside_360,180_trick,False,bail,directory_heuristic,1280,720,23.98,37,1.54,low_fps,train,False,False,False
batb_0133,thrasher_batb,data/raw_videos/thrasher_batb/bails/bail big flip nick tucker.mov,nick_tucker,regular,bails,kickflip,flip_trick,True,bail,directory_heuristic,1280,720,57.25,125,2.18,pass,train,True,False,False
batb_0134,thrasher_batb,data/raw_videos/thrasher_batb/bails/bail big heel colbourn.mov,jack_colbourn,regular,bails,big_heelflip,coupled_trick,False,bail,directory_heuristic,1280,720,60.0,181,3.02,pass,train,True,True,True
batb_0135,thrasher_batb,data/raw_videos/thrasher_batb/bails/bail biggerflip chris cole.mov,chris_cole,regular,bails,kickflip,flip_trick,True,bail,directory_heuristic,1280,720,23.98,38,1.58,low_fps,train,False,False,False
batb_0136,thrasher_batb,data/raw_videos/thrasher_batb/bails/bail bs 180 heelflip nick tucker.mov,nick_tucker,regular,bails,heelflip,flip_trick,True,bail,directory_heuristic,1280,720,23.98,51,2.13,low_fps,train,False,False,False
batb_0137,thrasher_batb,data/raw_videos/thrasher_batb/bails/bail bs 360 colbourn.mov,jack_colbourn,regular,bails,backside_360,180_trick,False,bail,directory_heuristic,1280,720,60.0,121,2.02,pass,train,True,True,False
batb_0138,thrasher_batb,data/raw_videos/thrasher_batb/bails/bail bs biggerflip shane.mov,shane_oneill,regular,bails,kickflip,flip_trick,True,bail,directory_heuristic,1280,720,59.39,98,1.65,pass,val,True,False,False
batb_0139,thrasher_batb,data/raw_videos/thrasher_batb/bails/bail bs biggerspin pj.mov,pj_ladd,regular,bails,biggerspin,coupled_trick,False,bail,directory_heuristic,1280,720,60.0,122,2.03,pass,val,True,True,False
batb_0140,thrasher_batb,data/raw_videos/thrasher_batb/bails/bail bs hardflip cody cepeda.mov,cody_cepeda,regular,bails,hardflip,coupled_trick,False,bail,directory_heuristic,1280,720,60.0,118,1.97,pass,train,True,True,False
batb_0141,thrasher_batb,data/raw_videos/thrasher_batb/bails/bail bs hardflip joslin.mov,chris_joslin,regular,bails,hardflip,coupled_trick,False,bail,directory_heuristic,1280,720,60.0,163,2.72,pass,test,True,True,False
batb_0142,thrasher_batb,data/raw_videos/thrasher_batb/bails/bail bs hardflip shane.mov,shane_oneill,regular,bails,hardflip,coupled_trick,False,bail,directory_heuristic,1280,720,60.0,107,1.78,pass,val,True,True,False
batb_0143,thrasher_batb,data/raw_videos/thrasher_batb/bails/bail cab flip colbourn.mov,jack_colbourn,regular,bails,kickflip,flip_trick,True,bail,directory_heuristic,1280,720,60.0,135,2.25,pass,train,True,True,False
batb_0144,thrasher_batb,data/raw_videos/thrasher_batb/bails/bail caballerial flip colbourn.mov,jack_colbourn,fakie,bails,kickflip,flip_trick,True,bail,directory_heuristic,1280,720,60.0,158,2.63,pass,train,True,True,False
batb_0145,thrasher_batb,data/raw_videos/thrasher_batb/bails/bail caballerial flip luan.mov,luan_oliveira,fakie,bails,kickflip,flip_trick,True,bail,directory_heuristic,1280,720,60.0,106,1.77,pass,test,True,True,False
batb_0146,thrasher_batb,data/raw_videos/thrasher_batb/bails/bail caballerial flip sewa.mov,sewa_kroetkov,fakie,bails,kickflip,flip_trick,True,bail,directory_heuristic,1280,720,55.12,113,2.05,pass,test,True,False,True
batb_0147,thrasher_batb,data/raw_videos/thrasher_batb/bails/bail double flip joslin.mov,chris_joslin,regular,bails,double_kickflip,flip_trick,False,bail,directory_heuristic,1280,720,60.0,120,2.0,pass,test,True,True,False
batb_0148,thrasher_batb,data/raw_videos/thrasher_batb/bails/bail fakie 3 shuv joslin.mov,chris_joslin,fakie,bails,360_shuvit,shuv_trick,False,bail,directory_heuristic,1280,720,59.55,132,2.22,pass,test,True,False,False
batb_0149,thrasher_batb,data/raw_videos/thrasher_batb/bails/bail fakie 3 shuv nick tucker.mov,nick_tucker,fakie,bails,360_shuvit,shuv_trick,False,bail,directory_heuristic,1280,720,56.88,73,1.28,pass,train,False,False,False
batb_0150,thrasher_batb,data/raw_videos/thrasher_batb/bails/bail fakie big heel colbourn.mov,jack_colbourn,fakie,bails,big_heelflip,coupled_trick,False,bail,directory_heuristic,1280,720,60.0,103,1.72,pass,train,True,True,False
batb_0151,thrasher_batb,data/raw_videos/thrasher_batb/bails/bail fakie big heel pj.mov,pj_ladd,fakie,bails,big_heelflip,coupled_trick,False,bail,directory_heuristic,1280,720,60.0,182,3.03,pass,val,True,True,False
batb_0152,thrasher_batb,data/raw_videos/thrasher_batb/bails/bail fakie biggerspin ishod.mov,ishod_wair,fakie,bails,biggerspin,coupled_trick,False,bail,directory_heuristic,1280,720,60.0,105,1.75,pass,train,True,True,False
batb_0153,thrasher_batb,data/raw_videos/thrasher_batb/bails/bail fakie biggerspin sewa.mov,sewa_kroetkov,fakie,bails,biggerspin,coupled_trick,False,bail,directory_heuristic,1280,720,56.76,105,1.85,pass,test,True,False,False
batb_0154,thrasher_batb,data/raw_videos/thrasher_batb/bails/Bail Fakie Bigspin Heelflip Dennis Busenitz.mov,dennis_busenitz,fakie,bails,bigspin,coupled_trick,False,bail,directory_heuristic,1280,720,23.98,27,1.13,low_fps,train,False,False,False
batb_0155,thrasher_batb,data/raw_videos/thrasher_batb/bails/bail fakie bigspin heelflip pj.mov,pj_ladd,fakie,bails,bigspin,coupled_trick,False,bail,directory_heuristic,1280,720,60.0,177,2.95,pass,val,True,True,False
batb_0156,thrasher_batb,data/raw_videos/thrasher_batb/bails/Bail fakie flip nick tucker.mov,nick_tucker,fakie,bails,kickflip,flip_trick,True,bail,directory_heuristic,1280,720,23.98,64,2.67,low_fps,train,False,False,False
batb_0157,thrasher_batb,data/raw_videos/thrasher_batb/bails/bail fakie fs bigspin luan.mov,luan_oliveira,fakie,bails,bigspin,coupled_trick,False,bail,directory_heuristic,1280,720,60.0,105,1.75,pass,test,True,True,False
batb_0158,thrasher_batb,data/raw_videos/thrasher_batb/bails/bail fakie fs bigspin sewa.mov,sewa_kroetkov,fakie,bails,bigspin,coupled_trick,False,bail,directory_heuristic,1280,720,55.58,88,1.58,pass,test,True,False,False
batb_0159,thrasher_batb,data/raw_videos/thrasher_batb/bails/bail fakie hardflip colbourn.mov,jack_colbourn,fakie,bails,hardflip,coupled_trick,False,bail,directory_heuristic,1280,720,60.0,123,2.05,pass,train,True,True,False
batb_0160,thrasher_batb,data/raw_videos/thrasher_batb/bails/bail fakie hardflip joslin.mov,chris_joslin,fakie,bails,hardflip,coupled_trick,False,bail,directory_heuristic,1280,720,60.0,104,1.73,pass,test,True,True,False
batb_0161,thrasher_batb,data/raw_videos/thrasher_batb/bails/bail fakie hardflip sewa copy.mov,sewa_kroetkov,fakie,bails,hardflip,coupled_trick,False,bail,directory_heuristic,1280,720,58.93,166,2.82,pass,test,True,False,False
batb_0162,thrasher_batb,data/raw_videos/thrasher_batb/bails/bail fakie hardflip sewa.mov,sewa_kroetkov,fakie,bails,hardflip,coupled_trick,False,bail,directory_heuristic,1280,720,58.51,196,3.35,pass,test,True,False,False
batb_0163,thrasher_batb,data/raw_videos/thrasher_batb/bails/bail fakie hardflip shane.mov,shane_oneill,fakie,bails,hardflip,coupled_trick,False,bail,directory_heuristic,1280,720,55.62,127,2.28,pass,val,True,False,False
batb_0164,thrasher_batb,data/raw_videos/thrasher_batb/bails/bail fakie heel colbourn.mov,jack_colbourn,fakie,bails,heelflip,flip_trick,True,bail,directory_heuristic,1280,720,60.0,89,1.48,pass,train,False,True,False
batb_0165,thrasher_batb,data/raw_videos/thrasher_batb/bails/bail fakie varial heel colbourn.mov,jack_colbourn,fakie,bails,varial_heelflip,coupled_trick,False,bail,directory_heuristic,1280,720,60.0,174,2.9,pass,train,True,True,False
batb_0166,thrasher_batb,data/raw_videos/thrasher_batb/bails/Bail Frontflip chris cole.mov,chris_cole,regular,bails,kickflip,flip_trick,True,bail,directory_heuristic,1280,720,23.98,35,1.46,low_fps,train,False,False,False
batb_0167,thrasher_batb,data/raw_videos/thrasher_batb/bails/bail fs 180 flip chris cole.mov,chris_cole,regular,bails,kickflip,flip_trick,True,bail,directory_heuristic,1280,720,23.98,66,2.75,low_fps,train,False,False,False
batb_0168,thrasher_batb,data/raw_videos/thrasher_batb/bails/bail fs 360 heelflip shane.mov,shane_oneill,regular,bails,heelflip,flip_trick,True,bail,directory_heuristic,1280,720,60.0,215,3.58,pass,val,True,True,False
batb_0169,thrasher_batb,data/raw_videos/thrasher_batb/bails/bail fs 360 joslin.mov,chris_joslin,regular,bails,frontside_360,180_trick,False,bail,directory_heuristic,1280,720,59.23,153,2.58,pass,test,True,False,False
batb_0170,thrasher_batb,data/raw_videos/thrasher_batb/bails/bail fs flip fyock.mov,tom_fyock,regular,bails,kickflip,flip_trick,True,bail,directory_heuristic,1280,720,60.0,88,1.47,pass,train,False,True,False
batb_0171,thrasher_batb,data/raw_videos/thrasher_batb/bails/bail fs hardflip sewa copy.mov,sewa_kroetkov,regular,bails,hardflip,coupled_trick,False,bail,directory_heuristic,1280,720,57.76,155,2.68,pass,test,True,False,False
batb_0172,thrasher_batb,data/raw_videos/thrasher_batb/bails/bail fs hardflip sewa.mov,sewa_kroetkov,regular,bails,hardflip,coupled_trick,False,bail,directory_heuristic,1280,720,60.0,232,3.87,pass,test,True,True,False
batb_0173,thrasher_batb,data/raw_videos/thrasher_batb/bails/bail fs hardflip shane.mov,shane_oneill,regular,bails,hardflip,coupled_trick,False,bail,directory_heuristic,1280,720,58.78,193,3.28,pass,val,True,False,False
batb_0174,thrasher_batb,data/raw_videos/thrasher_batb/bails/bail halfcab flip pudwill.mov,torey_pudwill,fakie,bails,kickflip,flip_trick,True,bail,directory_heuristic,1280,720,60.0,143,2.38,pass,train,True,True,True
batb_0175,thrasher_batb,data/raw_videos/thrasher_batb/bails/bail halfcab flip sean.mov,sean_malto,fakie,bails,kickflip,flip_trick,True,bail,directory_heuristic,1280,720,60.0,156,2.6,pass,train,True,True,True
batb_0176,thrasher_batb,data/raw_videos/thrasher_batb/bails/bail halfcab heel colbourn.mov,jack_colbourn,fakie,bails,heelflip,flip_trick,True,bail,directory_heuristic,1280,720,60.0,165,2.75,pass,train,True,True,False
batb_0177,thrasher_batb,data/raw_videos/thrasher_batb/bails/bail halfcab heel pudwill.mov,torey_pudwill,fakie,bails,heelflip,flip_trick,True,bail,directory_heuristic,1280,720,60.0,148,2.47,pass,train,True,True,False
batb_0178,thrasher_batb,data/raw_videos/thrasher_batb/bails/bail halfcab late bigspin ishod.mov,ishod_wair,fakie,bails,bigspin,coupled_trick,False,bail,directory_heuristic,1280,720,60.0,155,2.58,pass,train,True,True,False
batb_0179,thrasher_batb,data/raw_videos/thrasher_batb/bails/bail halfcab late bigspin shane.mov,shane_oneill,fakie,bails,bigspin,coupled_trick,False,bail,directory_heuristic,1280,720,60.0,204,3.4,pass,val,True,True,False
batb_0180,thrasher_batb,data/raw_videos/thrasher_batb/bails/bail heelflip body varial pj.mov,pj_ladd,regular,bails,heelflip,flip_trick,True,bail,directory_heuristic,1280,720,60.0,207,3.45,pass,val,True,True,False
batb_0181,thrasher_batb,data/raw_videos/thrasher_batb/bails/Bail Inward Heelflip Dennis Busenitz.mov,dennis_busenitz,regular,bails,inward_heelflip,coupled_trick,False,bail,directory_heuristic,1280,720,23.98,30,1.25,low_fps,train,False,False,False
batb_0182,thrasher_batb,data/raw_videos/thrasher_batb/bails/bail lazer flip chris cole.mov,chris_cole,regular,bails,kickflip,flip_trick,True,bail,directory_heuristic,1280,720,23.98,75,3.13,low_fps,train,False,False,False
batb_0183,thrasher_batb,data/raw_videos/thrasher_batb/bails/bail nollie 360 flip pudwill.mov,torey_pudwill,nollie,bails,360_flip,coupled_trick,True,bail,directory_heuristic,1280,720,60.0,206,3.43,pass,train,True,True,False
batb_0184,thrasher_batb,data/raw_videos/thrasher_batb/bails/bail nollie back heel cody cepeda.mov,cody_cepeda,nollie,bails,heelflip,flip_trick,True,bail,directory_heuristic,1280,720,60.0,173,2.88,pass,train,True,True,False
batb_0185,thrasher_batb,data/raw_videos/thrasher_batb/bails/bail nollie bigflip luan.mov,luan_oliveira,nollie,bails,kickflip,flip_trick,True,bail,directory_heuristic,1280,720,60.0,172,2.87,pass,test,True,True,False
batb_0186,thrasher_batb,data/raw_videos/thrasher_batb/bails/bail nollie biggerflip chris cole.mov,chris_cole,nollie,bails,kickflip,flip_trick,True,bail,directory_heuristic,1280,720,23.98,54,2.25,low_fps,train,False,False,False
batb_0187,thrasher_batb,data/raw_videos/thrasher_batb/bails/bail nollie biggerflip chris cole2.mov,chris_cole,nollie,bails,kickflip,flip_trick,True,bail,directory_heuristic,1280,720,23.98,140,5.84,low_fps,train,False,False,False
batb_0188,thrasher_batb,data/raw_videos/thrasher_batb/bails/Bail Nollie Bigspin Heelflip Dennis Busenitz.mov,dennis_busenitz,nollie,bails,bigspin,coupled_trick,False,bail,directory_heuristic,1280,720,23.98,38,1.58,low_fps,train,False,False,False
batb_0189,thrasher_batb,data/raw_videos/thrasher_batb/bails/bail nollie bigspin late flip shane 1.mov,shane_oneill,nollie,bails,bigspin,coupled_trick,False,bail,directory_heuristic,1280,720,58.98,288,4.88,pass,val,True,False,False
batb_0190,thrasher_batb,data/raw_videos/thrasher_batb/bails/bail nollie bigspin late flip shane.mov,shane_oneill,nollie,bails,bigspin,coupled_trick,False,bail,directory_heuristic,1280,720,56.33,215,3.82,pass,val,True,False,False
batb_0191,thrasher_batb,data/raw_videos/thrasher_batb/bails/Bail nollie bs 360 heelflip Dennis Busenitz 1.mov,dennis_busenitz,nollie,bails,heelflip,flip_trick,True,bail,directory_heuristic,1280,720,23.98,55,2.29,low_fps,train,False,False,False
batb_0192,thrasher_batb,data/raw_videos/thrasher_batb/bails/Bail nollie bs 360 heelflip Dennis Busenitz.mov,dennis_busenitz,nollie,bails,heelflip,flip_trick,True,bail,directory_heuristic,1280,720,23.98,53,2.21,low_fps,train,False,False,False
batb_0193,thrasher_batb,data/raw_videos/thrasher_batb/bails/bail nollie double flip ishod.mov,ishod_wair,nollie,bails,double_kickflip,flip_trick,False,bail,directory_heuristic,1280,720,60.0,283,4.72,pass,train,True,True,False
batb_0194,thrasher_batb,data/raw_videos/thrasher_batb/bails/bail nollie flip fyock.mov,tom_fyock,nollie,bails,kickflip,flip_trick,True,bail,directory_heuristic,1280,720,60.0,131,2.18,pass,train,True,True,False
batb_0195,thrasher_batb,data/raw_videos/thrasher_batb/bails/bail nollie flip joslin.mov,chris_joslin,nollie,bails,kickflip,flip_trick,True,bail,directory_heuristic,1280,720,60.0,168,2.8,pass,test,True,True,False
batb_0196,thrasher_batb,data/raw_videos/thrasher_batb/bails/bail nollie flip luan.mov,luan_oliveira,nollie,bails,kickflip,flip_trick,True,bail,directory_heuristic,1280,720,60.0,113,1.88,pass,test,True,True,False
batb_0197,thrasher_batb,data/raw_videos/thrasher_batb/bails/bail nollie flip shane copy.mov,shane_oneill,nollie,bails,kickflip,flip_trick,True,bail,directory_heuristic,1280,720,53.59,117,2.18,pass,val,True,False,False
batb_0198,thrasher_batb,data/raw_videos/thrasher_batb/bails/bail nollie flip shane.mov,shane_oneill,nollie,bails,kickflip,flip_trick,True,bail,directory_heuristic,1280,720,60.0,110,1.83,pass,val,True,True,False
batb_0199,thrasher_batb,data/raw_videos/thrasher_batb/bails/bail nollie front big heel sewa.mov,sewa_kroetkov,nollie,bails,big_heelflip,coupled_trick,False,bail,directory_heuristic,1280,720,60.0,95,1.58,pass,test,True,True,False
batb_0200,thrasher_batb,data/raw_videos/thrasher_batb/bails/bail nollie front heel cody cepeda.mov,cody_cepeda,nollie,bails,heelflip,flip_trick,True,bail,directory_heuristic,1280,720,60.0,118,1.97,pass,train,True,True,False
batb_0201,thrasher_batb,data/raw_videos/thrasher_batb/bails/bail nollie fs big heel ishod.mov,ishod_wair,nollie,bails,big_heelflip,coupled_trick,False,bail,directory_heuristic,1280,720,60.0,137,2.28,pass,train,True,True,False
batb_0202,thrasher_batb,data/raw_videos/thrasher_batb/bails/bail nollie fs flip colbourn.mov,jack_colbourn,nollie,bails,kickflip,flip_trick,True,bail,directory_heuristic,1280,720,60.0,93,1.55,pass,train,True,True,False
batb_0203,thrasher_batb,data/raw_videos/thrasher_batb/bails/bail nollie fs flip ishod.mov,ishod_wair,nollie,bails,kickflip,flip_trick,True,bail,directory_heuristic,1280,720,60.0,128,2.13,pass,train,True,True,False
batb_0204,thrasher_batb,data/raw_videos/thrasher_batb/bails/bail nollie fs flip nick tucker.mov,nick_tucker,nollie,bails,kickflip,flip_trick,True,bail,directory_heuristic,1280,720,56.22,119,2.12,pass,train,True,False,False
batb_0205,thrasher_batb,data/raw_videos/thrasher_batb/bails/bail nollie fs inward heel pj.mov,pj_ladd,nollie,bails,inward_heelflip,coupled_trick,False,bail,directory_heuristic,1280,720,60.0,120,2.0,pass,val,True,True,False
batb_0206,thrasher_batb,data/raw_videos/thrasher_batb/bails/Bail Nollie Hardflip Chris Cole.mov,chris_cole,nollie,bails,hardflip,coupled_trick,False,bail,directory_heuristic,1280,720,23.98,79,3.29,low_fps,train,False,False,False
batb_0207,thrasher_batb,data/raw_videos/thrasher_batb/bails/bail nollie hardflip cody cepeda.mov,cody_cepeda,nollie,bails,hardflip,coupled_trick,False,bail,directory_heuristic,1280,720,60.0,130,2.17,pass,train,True,True,False
batb_0208,thrasher_batb,data/raw_videos/thrasher_batb/bails/bail nollie hardflip fyock.mov,tom_fyock,nollie,bails,hardflip,coupled_trick,False,bail,directory_heuristic,1280,720,60.0,120,2.0,pass,train,True,True,False
batb_0209,thrasher_batb,data/raw_videos/thrasher_batb/bails/bail nollie inward heel fyock.mov,tom_fyock,nollie,bails,inward_heelflip,coupled_trick,False,bail,directory_heuristic,1280,720,60.0,153,2.55,pass,train,True,True,False
batb_0210,thrasher_batb,data/raw_videos/thrasher_batb/bails/Bail Nollie kickflip chris cole.mov,chris_cole,nollie,bails,kickflip,flip_trick,True,bail,directory_heuristic,1280,720,23.98,39,1.63,low_fps,train,False,False,False
batb_0211,thrasher_batb,data/raw_videos/thrasher_batb/bails/bail nollie late flip cody cepeda.mov,cody_cepeda,nollie,bails,kickflip,flip_trick,True,bail,directory_heuristic,1280,720,60.0,109,1.82,pass,train,True,True,False
batb_0212,thrasher_batb,data/raw_videos/thrasher_batb/bails/bail nollie late flip nick.mov,nick_tucker,nollie,bails,kickflip,flip_trick,True,bail,directory_heuristic,1280,720,56.33,215,3.82,pass,train,True,False,False
batb_0213,thrasher_batb,data/raw_videos/thrasher_batb/bails/bail pressure flip sewa.mov,sewa_kroetkov,regular,bails,pressureflip,flip_trick,False,bail,directory_heuristic,1280,720,58.51,118,2.02,pass,test,True,False,False
batb_0214,thrasher_batb,data/raw_videos/thrasher_batb/bails/bail switch 3 shuv pudwill.mov,torey_pudwill,switch,bails,360_shuvit,shuv_trick,False,bail,directory_heuristic,1280,720,60.0,135,2.25,pass,train,True,True,False
batb_0215,thrasher_batb,data/raw_videos/thrasher_batb/bails/bail switch 360 double flip nick tucker.mov,nick_tucker,switch,bails,360_double_flip,coupled_trick,False,bail,directory_heuristic,1280,720,59.83,346,5.78,pass,train,True,False,False
batb_0216,thrasher_batb,data/raw_videos/thrasher_batb/bails/bail switch 360 double flip pj.mov,pj_ladd,switch,bails,360_double_flip,coupled_trick,False,bail,directory_heuristic,1280,720,60.0,170,2.83,pass,val,True,True,False
batb_0217,thrasher_batb,data/raw_videos/thrasher_batb/bails/bail switch 360 double flip shane.mov,shane_oneill,switch,bails,360_double_flip,coupled_trick,False,bail,directory_heuristic,1280,720,60.0,250,4.17,pass,val,True,True,False
batb_0218,thrasher_batb,data/raw_videos/thrasher_batb/bails/Bail Switch 360 flip dennis busenitz.mov,dennis_busenitz,switch,bails,360_flip,coupled_trick,True,bail,directory_heuristic,1280,720,23.98,67,2.79,low_fps,train,False,False,False
batb_0219,thrasher_batb,data/raw_videos/thrasher_batb/bails/bail switch 360 flip joslin.mov,chris_joslin,switch,bails,360_flip,coupled_trick,True,bail,directory_heuristic,1280,720,56.0,112,2.0,pass,test,True,False,False
batb_0220,thrasher_batb,data/raw_videos/thrasher_batb/bails/bail switch 360 flip pudwill.mov,torey_pudwill,switch,bails,360_flip,coupled_trick,True,bail,directory_heuristic,1280,720,60.0,199,3.32,pass,train,True,True,False
batb_0221,thrasher_batb,data/raw_videos/thrasher_batb/bails/bail switch 360 flip revert luan.mov,luan_oliveira,switch,bails,360_flip,coupled_trick,True,bail,directory_heuristic,1280,720,60.0,229,3.82,pass,test,True,True,False
batb_0222,thrasher_batb,data/raw_videos/thrasher_batb/bails/bail switch 360 flip revert pudwill.mov,torey_pudwill,switch,bails,360_flip,coupled_trick,True,bail,directory_heuristic,1280,720,60.0,182,3.03,pass,train,True,True,False
batb_0223,thrasher_batb,data/raw_videos/thrasher_batb/bails/bail switch big heel nick.mov,nick_tucker,switch,bails,big_heelflip,coupled_trick,False,bail,directory_heuristic,1280,720,60.0,132,2.2,pass,train,True,True,False
batb_0224,thrasher_batb,data/raw_videos/thrasher_batb/bails/bail switch big heel pj.mov,pj_ladd,switch,bails,big_heelflip,coupled_trick,False,bail,directory_heuristic,1280,720,60.0,105,1.75,pass,val,True,True,False
batb_0225,thrasher_batb,data/raw_videos/thrasher_batb/bails/bail switch big heel sean.mov,sean_malto,switch,bails,big_heelflip,coupled_trick,False,bail,directory_heuristic,1280,720,60.0,121,2.02,pass,train,True,True,False
batb_0226,thrasher_batb,data/raw_videos/thrasher_batb/bails/bail switch big heel sewa.mov,sewa_kroetkov,switch,bails,big_heelflip,coupled_trick,False,bail,directory_heuristic,1280,720,54.33,115,2.12,pass,test,True,False,False
batb_0227,thrasher_batb,data/raw_videos/thrasher_batb/bails/bail switch big heel shane.mov,shane_oneill,switch,bails,big_heelflip,coupled_trick,False,bail,directory_heuristic,1280,720,60.0,197,3.28,pass,val,True,True,False
batb_0228,thrasher_batb,data/raw_videos/thrasher_batb/bails/bail switch biglflip sean.mov,sean_malto,switch,bails,kickflip,flip_trick,True,bail,directory_heuristic,1280,720,60.0,152,2.53,pass,train,True,True,False
batb_0229,thrasher_batb,data/raw_videos/thrasher_batb/bails/bail switch bigspin heelflip chris cole.mov,chris_cole,switch,bails,bigspin,coupled_trick,False,bail,directory_heuristic,1280,720,23.98,57,2.38,low_fps,train,False,False,False
batb_0230,thrasher_batb,data/raw_videos/thrasher_batb/bails/bail switch bigspin nick.mov,nick_tucker,switch,bails,bigspin,coupled_trick,False,bail,directory_heuristic,1280,720,60.0,111,1.85,pass,train,True,True,False
batb_0231,thrasher_batb,data/raw_videos/thrasher_batb/bails/bail switch bs 360 shane .mov,shane_oneill,switch,bails,backside_360,180_trick,False,bail,directory_heuristic,1280,720,60.0,140,2.33,pass,val,True,True,False
batb_0232,thrasher_batb,data/raw_videos/thrasher_batb/bails/bail switch bs flip ishod.mov,ishod_wair,switch,bails,kickflip,flip_trick,True,bail,directory_heuristic,1280,720,60.0,139,2.32,pass,train,True,True,False
batb_0233,thrasher_batb,data/raw_videos/thrasher_batb/bails/bail switch bs heel sean.mov,sean_malto,switch,bails,heelflip,flip_trick,True,bail,directory_heuristic,1280,720,60.0,93,1.55,pass,train,True,True,False
batb_0234,thrasher_batb,data/raw_videos/thrasher_batb/bails/bail switch double heel nick tucker.mov,nick_tucker,switch,bails,heelflip,flip_trick,True,bail,directory_heuristic,1280,720,60.0,169,2.82,pass,train,True,True,False
batb_0235,thrasher_batb,data/raw_videos/thrasher_batb/bails/bail switch double heel sewa.mov,sewa_kroetkov,switch,bails,heelflip,flip_trick,True,bail,directory_heuristic,1280,720,60.0,112,1.87,pass,test,True,True,False
batb_0236,thrasher_batb,data/raw_videos/thrasher_batb/bails/bail switch double heelflip chris cole.mov,chris_cole,switch,bails,heelflip,flip_trick,True,bail,directory_heuristic,1280,720,23.98,48,2.0,low_fps,train,False,False,False
batb_0237,thrasher_batb,data/raw_videos/thrasher_batb/bails/bail switch flip ishod.mov,ishod_wair,switch,bails,kickflip,flip_trick,True,bail,directory_heuristic,1280,720,60.0,102,1.7,pass,train,True,True,False
batb_0238,thrasher_batb,data/raw_videos/thrasher_batb/bails/bail switch fs 3 shuv luan.mov,luan_oliveira,switch,bails,360_shuvit,shuv_trick,False,bail,directory_heuristic,1280,720,60.0,183,3.05,pass,test,True,True,False
batb_0239,thrasher_batb,data/raw_videos/thrasher_batb/bails/bail switch fs 360 colbourn.mov,jack_colbourn,switch,bails,frontside_360,180_trick,False,bail,directory_heuristic,1280,720,60.0,208,3.47,pass,train,True,True,False
batb_0240,thrasher_batb,data/raw_videos/thrasher_batb/bails/bail switch fs 360 shuv chris cole.mov,chris_cole,switch,bails,360_shuvit,shuv_trick,False,bail,directory_heuristic,1280,720,23.98,44,1.84,low_fps,train,False,False,False
batb_0241,thrasher_batb,data/raw_videos/thrasher_batb/bails/bail switch fs 360 shuv nick tucker.mov,nick_tucker,switch,bails,360_shuvit,shuv_trick,False,bail,directory_heuristic,1280,720,23.98,75,3.13,low_fps,train,False,False,False
batb_0242,thrasher_batb,data/raw_videos/thrasher_batb/bails/bail switch fs bigspin sewa.mov,sewa_kroetkov,switch,bails,bigspin,coupled_trick,False,bail,directory_heuristic,1280,720,60.0,120,2.0,pass,test,True,True,False
batb_0243,thrasher_batb,data/raw_videos/thrasher_batb/bails/bail switch fs heel sean.mov,sean_malto,switch,bails,heelflip,flip_trick,True,bail,directory_heuristic,1280,720,60.0,192,3.2,pass,train,True,True,False
batb_0244,thrasher_batb,data/raw_videos/thrasher_batb/bails/bail switch fs shuv late flip joslin.mov,chris_joslin,switch,bails,kickflip,flip_trick,True,bail,directory_heuristic,1280,720,59.7,198,3.32,pass,test,True,False,False
batb_0245,thrasher_batb,data/raw_videos/thrasher_batb/bails/bail switch fs shuv late flip nick.mov,nick_tucker,switch,bails,kickflip,flip_trick,True,bail,directory_heuristic,1280,720,60.0,217,3.62,pass,train,True,True,False
batb_0246,thrasher_batb,data/raw_videos/thrasher_batb/bails/bail switch hardflip luan.mov,luan_oliveira,switch,bails,hardflip,coupled_trick,False,bail,directory_heuristic,1280,720,60.0,113,1.88,pass,test,True,True,False
batb_0247,thrasher_batb,data/raw_videos/thrasher_batb/bails/bail switch hardflip shane.mov,shane_oneill,switch,bails,hardflip,coupled_trick,False,bail,directory_heuristic,1280,720,59.42,102,1.72,pass,val,True,False,False
batb_0248,thrasher_batb,data/raw_videos/thrasher_batb/bails/bail switch inward heel joslin.mov,chris_joslin,switch,bails,inward_heelflip,coupled_trick,False,bail,directory_heuristic,1280,720,53.59,92,1.72,pass,test,True,False,False
batb_0249,thrasher_batb,data/raw_videos/thrasher_batb/bails/bail switch inward heel sean.mov,sean_malto,switch,bails,inward_heelflip,coupled_trick,False,bail,directory_heuristic,1280,720,60.0,128,2.13,pass,train,True,True,False
batb_0250,thrasher_batb,data/raw_videos/thrasher_batb/bails/bail switch inward heel shane.mov,shane_oneill,switch,bails,inward_heelflip,coupled_trick,False,bail,directory_heuristic,1280,720,54.17,130,2.4,pass,val,True,False,False
batb_0251,thrasher_batb,data/raw_videos/thrasher_batb/bails/bail switch kickflip nick tucker.mov,nick_tucker,switch,bails,kickflip,flip_trick,True,bail,directory_heuristic,1280,720,23.98,52,2.17,low_fps,train,False,False,False
batb_0252,thrasher_batb,data/raw_videos/thrasher_batb/bails/bail switch lazer sewa.mov,sewa_kroetkov,switch,bails,lazer_flip,coupled_trick,False,bail,directory_heuristic,1280,720,60.0,98,1.63,pass,test,True,True,False
batb_0253,thrasher_batb,data/raw_videos/thrasher_batb/bails/bail switch shuv pudwill.mov,torey_pudwill,switch,bails,pop_shuvit,shuv_trick,True,bail,directory_heuristic,1280,720,60.0,118,1.97,pass,train,True,True,False
batb_0254,thrasher_batb,data/raw_videos/thrasher_batb/bails/bail switch varial flip pj.mov,pj_ladd,switch,bails,kickflip,flip_trick,True,bail,directory_heuristic,1280,720,60.0,152,2.53,pass,val,True,True,False
batb_0255,thrasher_batb,data/raw_videos/thrasher_batb/bails/bail switch varial flip sean.mov,sean_malto,switch,bails,kickflip,flip_trick,True,bail,directory_heuristic,1280,720,60.0,119,1.98,pass,train,True,True,False
batb_0256,thrasher_batb,data/raw_videos/thrasher_batb/bails/bail2 big heel colbourn.mov,jack_colbourn,regular,bails,big_heelflip,coupled_trick,False,bail,directory_heuristic,1280,720,60.0,80,1.33,pass,train,False,True,False
batb_0257,thrasher_batb,data/raw_videos/thrasher_batb/bails/bail2 fs hardflip shane.mov,shane_oneill,regular,bails,hardflip,coupled_trick,False,bail,directory_heuristic,1280,720,57.29,169,2.95,pass,val,True,False,False
batb_0258,thrasher_batb,data/raw_videos/thrasher_batb/bails/bail2 nollie fs big heel ishod.mov,ishod_wair,nollie,bails,big_heelflip,coupled_trick,False,bail,directory_heuristic,1280,720,60.0,313,5.22,pass,train,True,True,False
batb_0259,thrasher_batb,data/raw_videos/thrasher_batb/bails/bail2 switch 360 double flip nick tucker.mov,nick_tucker,switch,bails,360_double_flip,coupled_trick,False,bail,directory_heuristic,1280,720,58.75,376,6.4,pass,train,True,False,False
batb_0260,thrasher_batb,data/raw_videos/thrasher_batb/bails/bail2 switch 360 flip revert pudwill.mov,torey_pudwill,switch,bails,360_flip,coupled_trick,True,bail,directory_heuristic,1280,720,60.0,357,5.95,pass,train,True,True,False
batb_0261,thrasher_batb,data/raw_videos/thrasher_batb/bails/bail2 switch fs 3 shuv luan.mov,luan_oliveira,switch,bails,360_shuvit,shuv_trick,False,bail,directory_heuristic,1280,720,60.0,214,3.57,pass,test,True,True,False
batb_0262,thrasher_batb,data/raw_videos/thrasher_batb/bails/bail2 switch fs shuv late flip nick.mov,nick_tucker,switch,bails,kickflip,flip_trick,True,bail,directory_heuristic,1280,720,60.0,241,4.02,pass,train,True,True,False
batb_0263,thrasher_batb,data/raw_videos/thrasher_batb/biggerspin/bs biggerspin nick tucker.mov,nick_tucker,regular,biggerspin,biggerspin,coupled_trick,False,land,directory_heuristic,1280,720,57.15,241,4.22,pass,train,True,False,False
batb_0264,thrasher_batb,data/raw_videos/thrasher_batb/biggerspin/bs biggerspin sewa.mov,sewa_kroetkov,regular,biggerspin,biggerspin,coupled_trick,False,land,directory_heuristic,1280,720,59.29,166,2.8,pass,test,True,False,False
batb_0265,thrasher_batb,data/raw_videos/thrasher_batb/biggerspin/bs biggerspin shane 1.mov,shane_oneill,regular,biggerspin,biggerspin,coupled_trick,False,land,directory_heuristic,1280,720,58.06,150,2.58,pass,val,True,False,False
batb_0266,thrasher_batb,data/raw_videos/thrasher_batb/biggerspin/bs biggerspin shane copy.mov,shane_oneill,regular,biggerspin,biggerspin,coupled_trick,False,land,directory_heuristic,1280,720,57.1,138,2.42,pass,val,True,False,False
batb_0267,thrasher_batb,data/raw_videos/thrasher_batb/biggerspin/bs biggerspin shane.mov,shane_oneill,regular,biggerspin,biggerspin,coupled_trick,False,land,directory_heuristic,1280,720,60.0,202,3.37,pass,val,True,True,False
batb_0268,thrasher_batb,data/raw_videos/thrasher_batb/biggerspin kickflip/biggerflip nick tucker.mov,nick_tucker,regular,biggerspin kickflip,biggerspin,coupled_trick,False,land,directory_heuristic,1280,720,23.98,61,2.54,low_fps,train,False,False,False
batb_0269,thrasher_batb,data/raw_videos/thrasher_batb/biggerspin kickflip/bs bigger flip joslin.mov,chris_joslin,regular,biggerspin kickflip,biggerspin,coupled_trick,False,land,directory_heuristic,1280,720,60.0,149,2.48,pass,test,True,True,False
batb_0270,thrasher_batb,data/raw_videos/thrasher_batb/biggerspin kickflip/bs bigger flip sewa.mov,sewa_kroetkov,regular,biggerspin kickflip,biggerspin,coupled_trick,False,land,directory_heuristic,1280,720,55.86,189,3.38,pass,test,True,False,False
batb_0271,thrasher_batb,data/raw_videos/thrasher_batb/biggerspin kickflip/bs biggerflip nick tucker.mov,nick_tucker,regular,biggerspin kickflip,biggerspin,coupled_trick,False,land,directory_heuristic,1280,720,60.0,153,2.55,pass,train,True,True,False
batb_0272,thrasher_batb,data/raw_videos/thrasher_batb/bigspin/bigspin colbourn.mov,jack_colbourn,regular,bigspin,bigspin,coupled_trick,False,land,directory_heuristic,1280,720,60.0,119,1.98,pass,train,True,True,False
batb_0273,thrasher_batb,data/raw_videos/thrasher_batb/bigspin/bigspin joslin.mov,chris_joslin,regular,bigspin,bigspin,coupled_trick,False,land,directory_heuristic,1280,720,60.0,141,2.35,pass,test,True,True,False
batb_0274,thrasher_batb,data/raw_videos/thrasher_batb/bigspin/bigspin nick tucker.mov,nick_tucker,regular,bigspin,bigspin,coupled_trick,False,land,directory_heuristic,1280,720,56.41,157,2.78,pass,train,True,False,False
batb_0275,thrasher_batb,data/raw_videos/thrasher_batb/bigspin/bigspin sean.mov,sean_malto,regular,bigspin,bigspin,coupled_trick,False,land,directory_heuristic,1280,720,60.0,115,1.92,pass,train,True,True,False
batb_0276,thrasher_batb,data/raw_videos/thrasher_batb/bigspin/bs bigspin cody cepeda.mov,cody_cepeda,regular,bigspin,bigspin,coupled_trick,False,land,directory_heuristic,1280,720,60.0,107,1.78,pass,train,True,True,False
batb_0277,thrasher_batb,data/raw_videos/thrasher_batb/bigspin/bs bigspin fyock.mov,tom_fyock,regular,bigspin,bigspin,coupled_trick,False,land,directory_heuristic,1280,720,60.0,106,1.77,pass,train,True,True,False
batb_0278,thrasher_batb,data/raw_videos/thrasher_batb/bigspin/bs bigspin ishod.mov,ishod_wair,regular,bigspin,bigspin,coupled_trick,False,land,directory_heuristic,1280,720,60.0,123,2.05,pass,train,True,True,False
batb_0279,thrasher_batb,data/raw_videos/thrasher_batb/bigspin/bs bigspin joslin copy.mov,chris_joslin,regular,bigspin,bigspin,coupled_trick,False,land,directory_heuristic,1280,720,60.0,183,3.05,pass,test,True,True,False
batb_0280,thrasher_batb,data/raw_videos/thrasher_batb/bigspin/bs bigspin joslin.mov,chris_joslin,regular,bigspin,bigspin,coupled_trick,False,land,directory_heuristic,1280,720,60.0,106,1.77,pass,test,True,True,False
batb_0281,thrasher_batb,data/raw_videos/thrasher_batb/bigspin/bs bigspin luan.mov,luan_oliveira,regular,bigspin,bigspin,coupled_trick,False,land,directory_heuristic,1280,720,60.0,112,1.87,pass,test,True,True,False
batb_0282,thrasher_batb,data/raw_videos/thrasher_batb/bigspin/bs bigspin nick tucker.mov,nick_tucker,regular,bigspin,bigspin,coupled_trick,False,land,directory_heuristic,1280,720,57.2,143,2.5,pass,train,True,False,False
batb_0283,thrasher_batb,data/raw_videos/thrasher_batb/bigspin/bs bigspin pj.mov,pj_ladd,regular,bigspin,bigspin,coupled_trick,False,land,directory_heuristic,1280,720,60.0,130,2.17,pass,val,True,True,False
batb_0284,thrasher_batb,data/raw_videos/thrasher_batb/bigspin/bs bigspin sewa 1.mov,sewa_kroetkov,regular,bigspin,bigspin,coupled_trick,False,land,directory_heuristic,1280,720,56.84,144,2.53,pass,test,True,False,False
batb_0285,thrasher_batb,data/raw_videos/thrasher_batb/bigspin/bs bigspin sewa copy 2.mov,sewa_kroetkov,regular,bigspin,bigspin,coupled_trick,False,land,directory_heuristic,1280,720,60.0,118,1.97,pass,test,True,True,False
batb_0286,thrasher_batb,data/raw_videos/thrasher_batb/bigspin/bs bigspin sewa copy.mov,sewa_kroetkov,regular,bigspin,bigspin,coupled_trick,False,land,directory_heuristic,1280,720,59.54,130,2.18,pass,test,True,False,False
batb_0287,thrasher_batb,data/raw_videos/thrasher_batb/bigspin/bs bigspin sewa.mov,sewa_kroetkov,regular,bigspin,bigspin,coupled_trick,False,land,directory_heuristic,1280,720,60.0,103,1.72,pass,test,True,True,False
batb_0288,thrasher_batb,data/raw_videos/thrasher_batb/bigspin/bs bigspin shane 1.mov,shane_oneill,regular,bigspin,bigspin,coupled_trick,False,land,directory_heuristic,1280,720,60.0,107,1.78,pass,val,True,True,False
batb_0289,thrasher_batb,data/raw_videos/thrasher_batb/bigspin/bs bigspin shane copy 2.mov,shane_oneill,regular,bigspin,bigspin,coupled_trick,False,land,directory_heuristic,1280,720,60.0,211,3.52,pass,val,True,True,False
batb_0290,thrasher_batb,data/raw_videos/thrasher_batb/bigspin/bs bigspin shane copy.mov,shane_oneill,regular,bigspin,bigspin,coupled_trick,False,land,directory_heuristic,1280,720,58.22,131,2.25,pass,val,True,False,False
batb_0291,thrasher_batb,data/raw_videos/thrasher_batb/bigspin/bs bigspin shane.mov,shane_oneill,regular,bigspin,bigspin,coupled_trick,False,land,directory_heuristic,1280,720,60.0,107,1.78,pass,val,True,True,False
batb_0292,thrasher_batb,data/raw_videos/thrasher_batb/bigspin kickflip/big flip colbourn.mov,jack_colbourn,regular,bigspin kickflip,bigspin,coupled_trick,False,land,directory_heuristic,1280,720,60.0,152,2.53,pass,train,True,True,False
batb_0293,thrasher_batb,data/raw_videos/thrasher_batb/bigspin kickflip/big flip joslin copy.mov,chris_joslin,regular,bigspin kickflip,bigspin,coupled_trick,False,land,directory_heuristic,1280,720,56.39,125,2.22,pass,test,True,False,False
batb_0294,thrasher_batb,data/raw_videos/thrasher_batb/bigspin kickflip/big flip joslin.mov,chris_joslin,regular,bigspin kickflip,bigspin,coupled_trick,False,land,directory_heuristic,1280,720,60.0,131,2.18,pass,test,True,True,False
batb_0295,thrasher_batb,data/raw_videos/thrasher_batb/bigspin kickflip/big flip luan.mov,luan_oliveira,regular,bigspin kickflip,bigspin,coupled_trick,False,land,directory_heuristic,1280,720,60.0,148,2.47,pass,test,True,True,False
batb_0296,thrasher_batb,data/raw_videos/thrasher_batb/bigspin kickflip/big flip sean.mov,sean_malto,regular,bigspin kickflip,bigspin,coupled_trick,False,land,directory_heuristic,1280,720,60.0,174,2.9,pass,train,True,True,False
batb_0297,thrasher_batb,data/raw_videos/thrasher_batb/bigspin kickflip/bigflip chris cole.mov,chris_cole,regular,bigspin kickflip,bigspin,coupled_trick,False,land,directory_heuristic,1280,720,23.98,55,2.29,low_fps,train,False,False,False
batb_0298,thrasher_batb,data/raw_videos/thrasher_batb/bigspin kickflip/bigflip nick tucker.mov,nick_tucker,regular,bigspin kickflip,bigspin,coupled_trick,False,land,directory_heuristic,1280,720,23.98,63,2.63,low_fps,train,False,False,False
batb_0299,thrasher_batb,data/raw_videos/thrasher_batb/bigspin kickflip/bigflip pj.mov,pj_ladd,regular,bigspin kickflip,bigspin,coupled_trick,False,land,directory_heuristic,1280,720,60.0,140,2.33,pass,val,True,True,False
batb_0300,thrasher_batb,data/raw_videos/thrasher_batb/bigspin kickflip/bigflip shane.mov,shane_oneill,regular,bigspin kickflip,bigspin,coupled_trick,False,land,directory_heuristic,1280,720,60.0,125,2.08,pass,val,True,True,False
batb_0301,thrasher_batb,data/raw_videos/thrasher_batb/caballerial bigspin/caballerial bigspin sewa.mov,sewa_kroetkov,fakie,caballerial bigspin,bigspin,coupled_trick,False,land,directory_heuristic,1280,720,57.7,176,3.05,pass,test,True,False,False
batb_0302,thrasher_batb,data/raw_videos/thrasher_batb/caballerial bigspin/caballerial bigspin shane.mov,shane_oneill,fakie,caballerial bigspin,bigspin,coupled_trick,False,land,directory_heuristic,1280,720,56.36,155,2.75,pass,val,True,False,False
batb_0303,thrasher_batb,data/raw_videos/thrasher_batb/caballerial kickflip/caballerial flip joslin copy 2.mov,chris_joslin,fakie,caballerial kickflip,kickflip,flip_trick,True,land,directory_heuristic,1280,720,57.09,157,2.75,pass,test,True,False,False
batb_0304,thrasher_batb,data/raw_videos/thrasher_batb/caballerial kickflip/caballerial flip joslin copy.mov,chris_joslin,fakie,caballerial kickflip,kickflip,flip_trick,True,land,directory_heuristic,1280,720,59.15,139,2.35,pass,test,True,False,False
batb_0305,thrasher_batb,data/raw_videos/thrasher_batb/caballerial kickflip/caballerial flip joslin.mov,chris_joslin,fakie,caballerial kickflip,kickflip,flip_trick,True,land,directory_heuristic,1280,720,60.0,164,2.73,pass,test,True,True,False
batb_0306,thrasher_batb,data/raw_videos/thrasher_batb/caballerial kickflip/caballerial flip nick.mov,nick_tucker,fakie,caballerial kickflip,kickflip,flip_trick,True,land,directory_heuristic,1280,720,60.0,127,2.12,pass,train,True,True,False
batb_0307,thrasher_batb,data/raw_videos/thrasher_batb/double kickflip/double flip cody cepeda.mov,cody_cepeda,regular,double kickflip,double_kickflip,flip_trick,False,land,directory_heuristic,1280,720,60.0,121,2.02,pass,train,True,True,False
batb_0308,thrasher_batb,data/raw_videos/thrasher_batb/double kickflip/double flip sewa copy 2.mov,sewa_kroetkov,regular,double kickflip,double_kickflip,flip_trick,False,land,directory_heuristic,1280,720,59.31,173,2.92,pass,test,True,False,False
batb_0309,thrasher_batb,data/raw_videos/thrasher_batb/double kickflip/double flip sewa copy.mov,sewa_kroetkov,regular,double kickflip,double_kickflip,flip_trick,False,land,directory_heuristic,1280,720,58.5,156,2.67,pass,test,True,False,False
batb_0310,thrasher_batb,data/raw_videos/thrasher_batb/double kickflip/double flip sewa.mov,sewa_kroetkov,regular,double kickflip,double_kickflip,flip_trick,False,land,directory_heuristic,1280,720,60.0,135,2.25,pass,test,True,True,False
batb_0311,thrasher_batb,data/raw_videos/thrasher_batb/double kickflip/double flip shane.mov,shane_oneill,regular,double kickflip,double_kickflip,flip_trick,False,land,directory_heuristic,1280,720,60.0,173,2.88,pass,val,True,True,False
batb_0312,thrasher_batb,data/raw_videos/thrasher_batb/fakie 3 shuv/fakie 3 shuv pj.mov,pj_ladd,fakie,fakie 3 shuv,360_shuvit,shuv_trick,False,land,directory_heuristic,1280,720,60.0,130,2.17,pass,val,True,True,False
batb_0313,thrasher_batb,data/raw_videos/thrasher_batb/fakie 3 shuv/fakie 3 shuv sewa.mov,sewa_kroetkov,fakie,fakie 3 shuv,360_shuvit,shuv_trick,False,land,directory_heuristic,1280,720,58.36,178,3.05,pass,test,True,False,False
batb_0314,thrasher_batb,data/raw_videos/thrasher_batb/fakie 3 shuv/fakie 3 shuv shane copy.mov,shane_oneill,fakie,fakie 3 shuv,360_shuvit,shuv_trick,False,land,directory_heuristic,1280,720,60.0,129,2.15,pass,val,True,True,False
batb_0315,thrasher_batb,data/raw_videos/thrasher_batb/fakie 3 shuv/fakie 3 shuv shane.mov,shane_oneill,fakie,fakie 3 shuv,360_shuvit,shuv_trick,False,land,directory_heuristic,1280,720,60.0,137,2.28,pass,val,True,True,False
batb_0316,thrasher_batb,data/raw_videos/thrasher_batb/fakie 360 flip/fakie 360 flip cody cepeda.mov,cody_cepeda,fakie,fakie 360 flip,360_flip,coupled_trick,True,land,directory_heuristic,1280,720,60.0,110,1.83,pass,train,True,True,False
batb_0317,thrasher_batb,data/raw_videos/thrasher_batb/fakie 360 flip/fakie 360 flip colbourn.mov,jack_colbourn,fakie,fakie 360 flip,360_flip,coupled_trick,True,land,directory_heuristic,1280,720,60.0,117,1.95,pass,train,True,True,False
batb_0318,thrasher_batb,data/raw_videos/thrasher_batb/fakie 360 flip/fakie 360 flip joslin copy.mov,chris_joslin,fakie,fakie 360 flip,360_flip,coupled_trick,True,land,directory_heuristic,1280,720,56.27,151,2.68,pass,test,True,False,False
batb_0319,thrasher_batb,data/raw_videos/thrasher_batb/fakie 360 flip/fakie 360 flip joslin.mov,chris_joslin,fakie,fakie 360 flip,360_flip,coupled_trick,True,land,directory_heuristic,1280,720,56.47,144,2.55,pass,test,True,False,False
batb_0320,thrasher_batb,data/raw_videos/thrasher_batb/fakie 360 flip/fakie 360 flip luan.mov,luan_oliveira,fakie,fakie 360 flip,360_flip,coupled_trick,True,land,directory_heuristic,1280,720,60.0,119,1.98,pass,test,True,True,False
batb_0321,thrasher_batb,data/raw_videos/thrasher_batb/fakie 360 flip/fakie 360 flip nick.mov,nick_tucker,fakie,fakie 360 flip,360_flip,coupled_trick,True,land,directory_heuristic,1280,720,57.93,140,2.42,pass,train,True,False,False
batb_0322,thrasher_batb,data/raw_videos/thrasher_batb/fakie 360 flip/fakie 360 flip pj.mov,pj_ladd,fakie,fakie 360 flip,360_flip,coupled_trick,True,land,directory_heuristic,1280,720,60.0,122,2.03,pass,val,True,True,False
batb_0323,thrasher_batb,data/raw_videos/thrasher_batb/fakie 360 flip/fakie 360 flip sean.mov,sean_malto,fakie,fakie 360 flip,360_flip,coupled_trick,True,land,directory_heuristic,1280,720,60.0,115,1.92,pass,train,True,True,False
batb_0324,thrasher_batb,data/raw_videos/thrasher_batb/fakie 360 flip/fakie 360 flip sewa copy.mov,sewa_kroetkov,fakie,fakie 360 flip,360_flip,coupled_trick,True,land,directory_heuristic,1280,720,59.57,138,2.32,pass,test,True,False,False
batb_0325,thrasher_batb,data/raw_videos/thrasher_batb/fakie 360 flip/fakie 360 flip sewa.mov,sewa_kroetkov,fakie,fakie 360 flip,360_flip,coupled_trick,True,land,directory_heuristic,1280,720,60.0,131,2.18,pass,test,True,True,False
batb_0326,thrasher_batb,data/raw_videos/thrasher_batb/fakie 360 flip/fakie 360 flip shane.mov,shane_oneill,fakie,fakie 360 flip,360_flip,coupled_trick,True,land,directory_heuristic,1280,720,60.0,122,2.03,pass,val,True,True,False
batb_0327,thrasher_batb,data/raw_videos/thrasher_batb/fakie backside 180 heelflip/fakie bs hardflip joslin.mov,chris_joslin,fakie,fakie backside 180 heelflip,hardflip,coupled_trick,False,land,directory_heuristic,1280,720,60.0,146,2.43,pass,test,True,True,False
batb_0328,thrasher_batb,data/raw_videos/thrasher_batb/fakie backside 180 heelflip/fakie bs hardflip luan.mov,luan_oliveira,fakie,fakie backside 180 heelflip,hardflip,coupled_trick,False,land,directory_heuristic,1280,720,60.0,143,2.38,pass,test,True,True,False
batb_0329,thrasher_batb,data/raw_videos/thrasher_batb/fakie biggerspin/fakie biggerspin nick tucker.mov,nick_tucker,fakie,fakie biggerspin,biggerspin,coupled_trick,False,land,directory_heuristic,1280,720,56.02,197,3.52,pass,train,True,False,False
batb_0330,thrasher_batb,data/raw_videos/thrasher_batb/fakie biggerspin/fakie biggerspin pj.mov,pj_ladd,fakie,fakie biggerspin,biggerspin,coupled_trick,False,land,directory_heuristic,1280,720,60.0,142,2.37,pass,val,True,True,False
batb_0331,thrasher_batb,data/raw_videos/thrasher_batb/fakie biggerspin/fakie biggerspin shane 1.mov,shane_oneill,fakie,fakie biggerspin,biggerspin,coupled_trick,False,land,directory_heuristic,1280,720,60.0,133,2.22,pass,val,True,True,False
batb_0332,thrasher_batb,data/raw_videos/thrasher_batb/fakie biggerspin/fakie biggerspin shane copy.mov,shane_oneill,fakie,fakie biggerspin,biggerspin,coupled_trick,False,land,directory_heuristic,1280,720,59.5,118,1.98,pass,val,True,False,False
batb_0333,thrasher_batb,data/raw_videos/thrasher_batb/fakie biggerspin/fakie biggerspin shane.mov,shane_oneill,fakie,fakie biggerspin,biggerspin,coupled_trick,False,land,directory_heuristic,1280,720,60.0,131,2.18,pass,val,True,True,False
batb_0334,thrasher_batb,data/raw_videos/thrasher_batb/fakie biggerspin kickflip/fakie big flip colbourn.mov,jack_colbourn,fakie,fakie biggerspin kickflip,biggerspin,coupled_trick,False,land,directory_heuristic,1280,720,60.0,143,2.38,pass,train,True,True,False
batb_0335,thrasher_batb,data/raw_videos/thrasher_batb/fakie biggerspin kickflip/fakie big flip joslin.mov,chris_joslin,fakie,fakie biggerspin kickflip,biggerspin,coupled_trick,False,land,directory_heuristic,1280,720,55.03,155,2.82,pass,test,True,False,False
batb_0336,thrasher_batb,data/raw_videos/thrasher_batb/fakie biggerspin kickflip/fakie big flip nick.mov,nick_tucker,fakie,fakie biggerspin kickflip,biggerspin,coupled_trick,False,land,directory_heuristic,1280,720,56.28,136,2.42,pass,train,True,False,False
batb_0337,thrasher_batb,data/raw_videos/thrasher_batb/fakie biggerspin kickflip/fakie big flip sean.mov,sean_malto,fakie,fakie biggerspin kickflip,biggerspin,coupled_trick,False,land,directory_heuristic,1280,720,60.0,165,2.75,pass,train,True,True,False
batb_0338,thrasher_batb,data/raw_videos/thrasher_batb/fakie biggerspin kickflip/fakie bigflip joslin.mov,chris_joslin,fakie,fakie biggerspin kickflip,biggerspin,coupled_trick,False,land,directory_heuristic,1280,720,60.0,136,2.27,pass,test,True,True,False
batb_0339,thrasher_batb,data/raw_videos/thrasher_batb/fakie biggerspin kickflip/fakie bigflip luan.mov,luan_oliveira,fakie,fakie biggerspin kickflip,biggerspin,coupled_trick,False,land,directory_heuristic,1280,720,60.0,135,2.25,pass,test,True,True,False
batb_0340,thrasher_batb,data/raw_videos/thrasher_batb/fakie biggerspin kickflip/fakie bigger flip joslin.mov,chris_joslin,fakie,fakie biggerspin kickflip,biggerspin,coupled_trick,False,land,directory_heuristic,1280,720,60.0,179,2.98,pass,test,True,True,False
batb_0341,thrasher_batb,data/raw_videos/thrasher_batb/fakie biggerspin kickflip/fakie bigger flip sewa.mov,sewa_kroetkov,fakie,fakie biggerspin kickflip,biggerspin,coupled_trick,False,land,directory_heuristic,1280,720,55.65,179,3.22,pass,test,True,False,False
batb_0342,thrasher_batb,data/raw_videos/thrasher_batb/fakie bigspin/fakie bigspin colbourn.mov,jack_colbourn,fakie,fakie bigspin,bigspin,coupled_trick,False,land,directory_heuristic,1280,720,60.0,117,1.95,pass,train,True,True,False
batb_0343,thrasher_batb,data/raw_videos/thrasher_batb/fakie bigspin/fakie bigspin joslin.mov,chris_joslin,fakie,fakie bigspin,bigspin,coupled_trick,False,land,directory_heuristic,1280,720,60.0,139,2.32,pass,test,True,True,False
batb_0344,thrasher_batb,data/raw_videos/thrasher_batb/fakie bigspin/fakie bigspin nick.mov,nick_tucker,fakie,fakie bigspin,bigspin,coupled_trick,False,land,directory_heuristic,1280,720,56.69,154,2.72,pass,train,True,False,False
batb_0345,thrasher_batb,data/raw_videos/thrasher_batb/fakie bigspin/fakie bigspin sean.mov,sean_malto,fakie,fakie bigspin,bigspin,coupled_trick,False,land,directory_heuristic,1280,720,54.51,129,2.37,pass,train,True,False,False
batb_0346,thrasher_batb,data/raw_videos/thrasher_batb/fakie bigspin heelflip/fakie big heel joslin copy.mov,chris_joslin,fakie,fakie bigspin heelflip,bigspin,coupled_trick,False,land,directory_heuristic,1280,720,59.65,172,2.88,pass,test,True,False,False
batb_0347,thrasher_batb,data/raw_videos/thrasher_batb/fakie bigspin heelflip/fakie big heel joslin.mov,chris_joslin,fakie,fakie bigspin heelflip,bigspin,coupled_trick,False,land,directory_heuristic,1280,720,60.0,167,2.78,pass,test,True,True,False
batb_0348,thrasher_batb,data/raw_videos/thrasher_batb/fakie bigspin heelflip/fakie big heel luan.mov,luan_oliveira,fakie,fakie bigspin heelflip,bigspin,coupled_trick,False,land,directory_heuristic,1280,720,60.0,113,1.88,pass,test,True,True,False
batb_0349,thrasher_batb,data/raw_videos/thrasher_batb/fakie bigspin heelflip/fakie big heel sean.mov,sean_malto,fakie,fakie bigspin heelflip,bigspin,coupled_trick,False,land,directory_heuristic,1280,720,60.0,137,2.28,pass,train,True,True,False
batb_0350,thrasher_batb,data/raw_videos/thrasher_batb/fakie bigspin heelflip/fakie big heel sewa.mov,sewa_kroetkov,fakie,fakie bigspin heelflip,bigspin,coupled_trick,False,land,directory_heuristic,1280,720,56.35,170,3.02,pass,test,True,False,False
batb_0351,thrasher_batb,data/raw_videos/thrasher_batb/fakie bigspin heelflip/Fakie Bigspin Heelflip Chris Cole.mov,chris_cole,fakie,fakie bigspin heelflip,bigspin,coupled_trick,False,land,directory_heuristic,1280,720,23.98,47,1.96,low_fps,train,False,False,False
batb_0352,thrasher_batb,data/raw_videos/thrasher_batb/fakie frontside 180 heelflip/halfcab front heel luan.mov,luan_oliveira,fakie,fakie frontside 180 heelflip,heelflip,flip_trick,True,land,directory_heuristic,1280,720,60.0,119,1.98,pass,test,True,True,False
batb_0353,thrasher_batb,data/raw_videos/thrasher_batb/fakie frontside 180 heelflip/halfcab front heel.mov,thrasher_unknown,fakie,fakie frontside 180 heelflip,heelflip,flip_trick,True,land,directory_heuristic,1280,720,60.0,161,2.68,pass,train,True,True,False
batb_0354,thrasher_batb,data/raw_videos/thrasher_batb/fakie frontside 180 heelflip/halfcab heel luan.mov,luan_oliveira,fakie,fakie frontside 180 heelflip,heelflip,flip_trick,True,land,directory_heuristic,1280,720,60.0,139,2.32,pass,test,True,True,False
batb_0355,thrasher_batb,data/raw_videos/thrasher_batb/fakie frontside 180 heelflip/halfcab heel pudwill.mov,torey_pudwill,fakie,fakie frontside 180 heelflip,heelflip,flip_trick,True,land,directory_heuristic,1280,720,60.0,158,2.63,pass,train,True,True,False
batb_0356,thrasher_batb,data/raw_videos/thrasher_batb/fakie frontside bigspin/fakie fs bigspin colbourn.mov,jack_colbourn,fakie,fakie frontside bigspin,bigspin,coupled_trick,False,land,directory_heuristic,1280,720,60.0,128,2.13,pass,train,True,True,False
batb_0357,thrasher_batb,data/raw_videos/thrasher_batb/fakie frontside bigspin/fakie fs bigspin joslin copy 2.mov,chris_joslin,fakie,fakie frontside bigspin,bigspin,coupled_trick,False,land,directory_heuristic,1280,720,60.0,135,2.25,pass,test,True,True,False
batb_0358,thrasher_batb,data/raw_videos/thrasher_batb/fakie frontside bigspin/fakie fs bigspin joslin copy.mov,chris_joslin,fakie,fakie frontside bigspin,bigspin,coupled_trick,False,land,directory_heuristic,1280,720,55.56,125,2.25,pass,test,True,False,False
batb_0359,thrasher_batb,data/raw_videos/thrasher_batb/fakie frontside bigspin/fakie fs bigspin joslin.mov,chris_joslin,fakie,fakie frontside bigspin,bigspin,coupled_trick,False,land,directory_heuristic,1280,720,60.0,127,2.12,pass,test,True,True,False
batb_0360,thrasher_batb,data/raw_videos/thrasher_batb/fakie frontside bigspin/fakie fs bigspin nick.mov,nick_tucker,fakie,fakie frontside bigspin,bigspin,coupled_trick,False,land,directory_heuristic,1280,720,60.0,137,2.28,pass,train,True,True,False
batb_0361,thrasher_batb,data/raw_videos/thrasher_batb/fakie frontside bigspin/fakie fs bigspin sean.mov,sean_malto,fakie,fakie frontside bigspin,bigspin,coupled_trick,False,land,directory_heuristic,1280,720,60.0,131,2.18,pass,train,True,True,False
batb_0362,thrasher_batb,data/raw_videos/thrasher_batb/fakie hardflip/fakie hardflip cody cepeda.mov,cody_cepeda,fakie,fakie hardflip,hardflip,coupled_trick,False,land,directory_heuristic,1280,720,60.0,180,3.0,pass,train,True,True,False
batb_0363,thrasher_batb,data/raw_videos/thrasher_batb/fakie hardflip/fakie hardflip luan.mov,luan_oliveira,fakie,fakie hardflip,hardflip,coupled_trick,False,land,directory_heuristic,1280,720,60.0,128,2.13,pass,test,True,True,False
batb_0364,thrasher_batb,data/raw_videos/thrasher_batb/fakie hardflip/fakie hardflip sean.mov,sean_malto,fakie,fakie hardflip,hardflip,coupled_trick,False,land,directory_heuristic,1280,720,60.0,148,2.47,pass,train,True,True,False
batb_0365,thrasher_batb,data/raw_videos/thrasher_batb/fakie hardflip/fakie hardflip sewa 1.mov,sewa_kroetkov,fakie,fakie hardflip,hardflip,coupled_trick,False,land,directory_heuristic,1280,720,60.0,171,2.85,pass,test,True,True,False
batb_0366,thrasher_batb,data/raw_videos/thrasher_batb/fakie hardflip/fakie hardflip sewa copy.mov,sewa_kroetkov,fakie,fakie hardflip,hardflip,coupled_trick,False,land,directory_heuristic,1280,720,57.71,202,3.5,pass,test,True,False,False
batb_0367,thrasher_batb,data/raw_videos/thrasher_batb/fakie hardflip/fakie hardflip sewa.mov,sewa_kroetkov,fakie,fakie hardflip,hardflip,coupled_trick,False,land,directory_heuristic,1280,720,60.0,135,2.25,pass,test,True,True,False
batb_0368,thrasher_batb,data/raw_videos/thrasher_batb/fakie heelflip/fakie heel colbourn.mov,jack_colbourn,fakie,fakie heelflip,heelflip,flip_trick,True,land,directory_heuristic,1280,720,60.0,121,2.02,pass,train,True,True,False
batb_0369,thrasher_batb,data/raw_videos/thrasher_batb/fakie heelflip/fakie heel joslin copy 2.mov,chris_joslin,fakie,fakie heelflip,heelflip,flip_trick,True,land,directory_heuristic,1280,720,60.0,141,2.35,pass,test,True,True,False
batb_0370,thrasher_batb,data/raw_videos/thrasher_batb/fakie heelflip/fakie heel joslin copy.mov,chris_joslin,fakie,fakie heelflip,heelflip,flip_trick,True,land,directory_heuristic,1280,720,60.0,131,2.18,pass,test,True,True,False
batb_0371,thrasher_batb,data/raw_videos/thrasher_batb/fakie heelflip/fakie heel joslin.mov,chris_joslin,fakie,fakie heelflip,heelflip,flip_trick,True,land,directory_heuristic,1280,720,60.0,121,2.02,pass,test,True,True,False
batb_0372,thrasher_batb,data/raw_videos/thrasher_batb/fakie heelflip/fakie heel luan copy.mov,luan_oliveira,fakie,fakie heelflip,heelflip,flip_trick,True,land,directory_heuristic,1280,720,60.0,113,1.88,pass,test,True,True,False
batb_0373,thrasher_batb,data/raw_videos/thrasher_batb/fakie heelflip/fakie heel luan.mov,luan_oliveira,fakie,fakie heelflip,heelflip,flip_trick,True,land,directory_heuristic,1280,720,55.54,137,2.47,pass,test,True,False,False
batb_0374,thrasher_batb,data/raw_videos/thrasher_batb/fakie heelflip/fakie heel nick.mov,nick_tucker,fakie,fakie heelflip,heelflip,flip_trick,True,land,directory_heuristic,1280,720,60.0,159,2.65,pass,train,True,True,False
batb_0375,thrasher_batb,data/raw_videos/thrasher_batb/fakie heelflip/fakie heel pudwill.mov,torey_pudwill,fakie,fakie heelflip,heelflip,flip_trick,True,land,directory_heuristic,1280,720,60.0,170,2.83,pass,train,True,True,False
batb_0376,thrasher_batb,data/raw_videos/thrasher_batb/fakie heelflip/fakie heel sean.mov,sean_malto,fakie,fakie heelflip,heelflip,flip_trick,True,land,directory_heuristic,1280,720,60.0,148,2.47,pass,train,True,True,False
batb_0377,thrasher_batb,data/raw_videos/thrasher_batb/fakie heelflip/fakie heel sewa.mov,sewa_kroetkov,fakie,fakie heelflip,heelflip,flip_trick,True,land,directory_heuristic,1280,720,60.0,125,2.08,pass,test,True,True,False
batb_0378,thrasher_batb,data/raw_videos/thrasher_batb/fakie heelflip/fakie heelflip chris cole.mov,chris_cole,fakie,fakie heelflip,heelflip,flip_trick,True,land,directory_heuristic,1280,720,23.98,44,1.84,low_fps,train,False,False,False
batb_0379,thrasher_batb,data/raw_videos/thrasher_batb/fakie heelflip/fakie heelflip nick tucker.mov,nick_tucker,fakie,fakie heelflip,heelflip,flip_trick,True,land,directory_heuristic,1280,720,23.98,46,1.92,low_fps,train,False,False,False
batb_0380,thrasher_batb,data/raw_videos/thrasher_batb/fakie heelflip/fakie heelflip pj.mov,pj_ladd,fakie,fakie heelflip,heelflip,flip_trick,True,land,directory_heuristic,1280,720,60.0,130,2.17,pass,val,True,True,False
batb_0381,thrasher_batb,data/raw_videos/thrasher_batb/fakie heelflip/fakie heelflip shane.mov,shane_oneill,fakie,fakie heelflip,heelflip,flip_trick,True,land,directory_heuristic,1280,720,60.0,132,2.2,pass,val,True,True,False
batb_0382,thrasher_batb,data/raw_videos/thrasher_batb/fakie kickflip/Fakie flip Chris Cole.mov,chris_cole,fakie,fakie kickflip,kickflip,flip_trick,True,land,directory_heuristic,1280,720,23.98,35,1.46,low_fps,train,False,False,False
batb_0383,thrasher_batb,data/raw_videos/thrasher_batb/fakie kickflip/fakie flip colbourn.mov,jack_colbourn,fakie,fakie kickflip,kickflip,flip_trick,True,land,directory_heuristic,1280,720,60.0,119,1.98,pass,train,True,True,False
batb_0384,thrasher_batb,data/raw_videos/thrasher_batb/fakie kickflip/fakie flip fyock.mov,tom_fyock,fakie,fakie kickflip,kickflip,flip_trick,True,land,directory_heuristic,1280,720,60.0,117,1.95,pass,train,True,True,False
batb_0385,thrasher_batb,data/raw_videos/thrasher_batb/fakie kickflip/fakie flip joslin copy 2.mov,chris_joslin,fakie,fakie kickflip,kickflip,flip_trick,True,land,directory_heuristic,1280,720,55.32,130,2.35,pass,test,True,False,False
batb_0386,thrasher_batb,data/raw_videos/thrasher_batb/fakie kickflip/fakie flip joslin copy.mov,chris_joslin,fakie,fakie kickflip,kickflip,flip_trick,True,land,directory_heuristic,1280,720,57.41,133,2.32,pass,test,True,False,False
batb_0387,thrasher_batb,data/raw_videos/thrasher_batb/fakie kickflip/fakie flip joslin.mov,chris_joslin,fakie,fakie kickflip,kickflip,flip_trick,True,land,directory_heuristic,1280,720,60.0,118,1.97,pass,test,True,True,False
batb_0388,thrasher_batb,data/raw_videos/thrasher_batb/fakie kickflip/fakie flip luan copy.mov,luan_oliveira,fakie,fakie kickflip,kickflip,flip_trick,True,land,directory_heuristic,1280,720,60.0,121,2.02,pass,test,True,True,False
batb_0389,thrasher_batb,data/raw_videos/thrasher_batb/fakie kickflip/fakie flip luan.mov,luan_oliveira,fakie,fakie kickflip,kickflip,flip_trick,True,land,directory_heuristic,1280,720,60.0,114,1.9,pass,test,True,True,False
batb_0390,thrasher_batb,data/raw_videos/thrasher_batb/fakie kickflip/fakie flip nick.mov,nick_tucker,fakie,fakie kickflip,kickflip,flip_trick,True,land,directory_heuristic,1280,720,56.15,146,2.6,pass,train,True,False,False
batb_0391,thrasher_batb,data/raw_videos/thrasher_batb/fakie kickflip/fakie flip pj.mov,pj_ladd,fakie,fakie kickflip,kickflip,flip_trick,True,land,directory_heuristic,1280,720,60.0,107,1.78,pass,val,True,True,False
batb_0392,thrasher_batb,data/raw_videos/thrasher_batb/fakie kickflip/fakie flip pudwill.mov,torey_pudwill,fakie,fakie kickflip,kickflip,flip_trick,True,land,directory_heuristic,1280,720,60.0,153,2.55,pass,train,True,True,False
batb_0393,thrasher_batb,data/raw_videos/thrasher_batb/fakie kickflip/fakie flip sean.mov,sean_malto,fakie,fakie kickflip,kickflip,flip_trick,True,land,directory_heuristic,1280,720,56.09,129,2.3,pass,train,True,False,False
batb_0394,thrasher_batb,data/raw_videos/thrasher_batb/fakie kickflip/fakie flip sewa copy.mov,sewa_kroetkov,fakie,fakie kickflip,kickflip,flip_trick,True,land,directory_heuristic,1280,720,56.25,135,2.4,pass,test,True,False,False
batb_0395,thrasher_batb,data/raw_videos/thrasher_batb/fakie kickflip/fakie flip sewa.mov,sewa_kroetkov,fakie,fakie kickflip,kickflip,flip_trick,True,land,directory_heuristic,1280,720,60.0,127,2.12,pass,test,True,True,False
batb_0396,thrasher_batb,data/raw_videos/thrasher_batb/fakie kickflip/fakie flip shane.mov,shane_oneill,fakie,fakie kickflip,kickflip,flip_trick,True,land,directory_heuristic,1280,720,60.0,115,1.92,pass,val,True,True,False
batb_0397,thrasher_batb,data/raw_videos/thrasher_batb/frontside 360/Frontside 360 Chris Cole.mov,chris_cole,regular,frontside 360,frontside_360,180_trick,False,land,directory_heuristic,1280,720,23.98,43,1.79,low_fps,train,False,False,False
batb_0398,thrasher_batb,data/raw_videos/thrasher_batb/frontside 360/fs 360 chris cole.mov,chris_cole,regular,frontside 360,frontside_360,180_trick,False,land,directory_heuristic,1280,720,23.98,49,2.04,low_fps,train,False,False,False
batb_0399,thrasher_batb,data/raw_videos/thrasher_batb/frontside 360/FS 360 Dennis Busenitz.mov,dennis_busenitz,regular,frontside 360,frontside_360,180_trick,False,land,directory_heuristic,1280,720,23.98,56,2.34,low_fps,train,False,False,False
batb_0400,thrasher_batb,data/raw_videos/thrasher_batb/frontside 360/fs 360 heelflip pj.mov,pj_ladd,regular,frontside 360,heelflip,flip_trick,True,land,directory_heuristic,1280,720,60.0,172,2.87,pass,val,True,True,False
batb_0401,thrasher_batb,data/raw_videos/thrasher_batb/frontside 360/fs 360 joslin copy.mov,chris_joslin,regular,frontside 360,frontside_360,180_trick,False,land,directory_heuristic,1280,720,57.45,135,2.35,pass,test,True,False,False
batb_0402,thrasher_batb,data/raw_videos/thrasher_batb/frontside 360/fs 360 joslin.mov,chris_joslin,regular,frontside 360,frontside_360,180_trick,False,land,directory_heuristic,1280,720,60.0,113,1.88,pass,test,True,True,False
batb_0403,thrasher_batb,data/raw_videos/thrasher_batb/frontside 360/fs 360 luan.mov,luan_oliveira,regular,frontside 360,frontside_360,180_trick,False,land,directory_heuristic,1280,720,60.0,161,2.68,pass,test,True,True,False
batb_0404,thrasher_batb,data/raw_videos/thrasher_batb/frontside 360/fs 360 nick tucker copy.mov,nick_tucker,regular,frontside 360,frontside_360,180_trick,False,land,directory_heuristic,1280,720,56.49,161,2.85,pass,train,True,False,False
batb_0405,thrasher_batb,data/raw_videos/thrasher_batb/frontside 360/fs 360 Nick Tucker.mov,nick_tucker,regular,frontside 360,frontside_360,180_trick,False,land,directory_heuristic,1280,720,23.98,54,2.25,low_fps,train,False,False,False
batb_0406,thrasher_batb,data/raw_videos/thrasher_batb/frontside bigspin/fs bigspin cody cepeda.mov,cody_cepeda,regular,frontside bigspin,bigspin,coupled_trick,False,land,directory_heuristic,1280,720,60.0,114,1.9,pass,train,True,True,False
batb_0407,thrasher_batb,data/raw_videos/thrasher_batb/frontside bigspin/fs bigspin colbourn.mov,jack_colbourn,regular,frontside bigspin,bigspin,coupled_trick,False,land,directory_heuristic,1280,720,60.0,101,1.68,pass,train,True,True,False
batb_0408,thrasher_batb,data/raw_videos/thrasher_batb/frontside bigspin/fs bigspin joslin copy 2.mov,chris_joslin,regular,frontside bigspin,bigspin,coupled_trick,False,land,directory_heuristic,1280,720,56.44,127,2.25,pass,test,True,False,False
batb_0409,thrasher_batb,data/raw_videos/thrasher_batb/frontside bigspin/fs bigspin joslin copy.mov,chris_joslin,regular,frontside bigspin,bigspin,coupled_trick,False,land,directory_heuristic,1280,720,60.0,117,1.95,pass,test,True,True,False
batb_0410,thrasher_batb,data/raw_videos/thrasher_batb/frontside bigspin/fs bigspin joslin.mov,chris_joslin,regular,frontside bigspin,bigspin,coupled_trick,False,land,directory_heuristic,1280,720,60.0,117,1.95,pass,test,True,True,False
batb_0411,thrasher_batb,data/raw_videos/thrasher_batb/frontside bigspin/fs bigspin luan.mov,luan_oliveira,regular,frontside bigspin,bigspin,coupled_trick,False,land,directory_heuristic,1280,720,60.0,116,1.93,pass,test,True,True,False
batb_0412,thrasher_batb,data/raw_videos/thrasher_batb/frontside bigspin/fs bigspin nick.mov,nick_tucker,regular,frontside bigspin,bigspin,coupled_trick,False,land,directory_heuristic,1280,720,57.2,143,2.5,pass,train,True,False,False
batb_0413,thrasher_batb,data/raw_videos/thrasher_batb/frontside bigspin/fs bigspin sean.mov,sean_malto,regular,frontside bigspin,bigspin,coupled_trick,False,land,directory_heuristic,1280,720,60.0,122,2.03,pass,train,True,True,False
batb_0414,thrasher_batb,data/raw_videos/thrasher_batb/frontside bigspin/fs bigspin sewa copy.mov,sewa_kroetkov,regular,frontside bigspin,bigspin,coupled_trick,False,land,directory_heuristic,1280,720,54.73,135,2.47,pass,test,True,False,False
batb_0415,thrasher_batb,data/raw_videos/thrasher_batb/frontside bigspin/fs bigspin sewa.mov,sewa_kroetkov,regular,frontside bigspin,bigspin,coupled_trick,False,land,directory_heuristic,1280,720,60.0,125,2.08,pass,test,True,True,False
batb_0416,thrasher_batb,data/raw_videos/thrasher_batb/Frontside halfcab frontside heelflip/fs halfcab heel colbourn.mov,jack_colbourn,fakie,Frontside halfcab frontside heelflip,heelflip,flip_trick,True,land,directory_heuristic,1280,720,60.0,135,2.25,pass,train,True,True,False
batb_0417,thrasher_batb,data/raw_videos/thrasher_batb/Frontside halfcab frontside heelflip/fs halfcab heel joslin.mov,chris_joslin,fakie,Frontside halfcab frontside heelflip,heelflip,flip_trick,True,land,directory_heuristic,1280,720,60.0,131,2.18,pass,test,True,True,False
batb_0418,thrasher_batb,data/raw_videos/thrasher_batb/Frontside halfcab frontside heelflip/fs halfcab heel nick.mov,nick_tucker,fakie,Frontside halfcab frontside heelflip,heelflip,flip_trick,True,land,directory_heuristic,1280,720,60.0,107,1.78,pass,train,True,True,False
batb_0419,thrasher_batb,data/raw_videos/thrasher_batb/Frontside halfcab frontside heelflip/fs halfcab heel sean.mov,sean_malto,fakie,Frontside halfcab frontside heelflip,heelflip,flip_trick,True,land,directory_heuristic,1280,720,60.0,130,2.17,pass,train,True,True,False
batb_0420,thrasher_batb,data/raw_videos/thrasher_batb/Frontside halfcab frontside heelflip/fs halfcab heel sewa.mov,sewa_kroetkov,fakie,Frontside halfcab frontside heelflip,heelflip,flip_trick,True,land,directory_heuristic,1280,720,58.16,158,2.72,pass,test,True,False,False
batb_0421,thrasher_batb,data/raw_videos/thrasher_batb/Frontside halfcab frontside heelflip/fs halfcab heelflip pj.mov,pj_ladd,fakie,Frontside halfcab frontside heelflip,heelflip,flip_trick,True,land,directory_heuristic,1280,720,60.0,125,2.08,pass,val,True,True,False
batb_0422,thrasher_batb,data/raw_videos/thrasher_batb/Frontside halfcab frontside heelflip/fs halfcab heelflip shane.mov,shane_oneill,fakie,Frontside halfcab frontside heelflip,heelflip,flip_trick,True,land,directory_heuristic,1280,720,60.0,132,2.2,pass,val,True,True,False
batb_0423,thrasher_batb,data/raw_videos/thrasher_batb/frontside heelflip/fs 180 heelflip pj.mov,pj_ladd,regular,frontside heelflip,heelflip,flip_trick,True,land,directory_heuristic,1280,720,60.0,145,2.42,pass,val,True,True,False
batb_0424,thrasher_batb,data/raw_videos/thrasher_batb/frontside heelflip/fs 180 heelflip shane.mov,shane_oneill,regular,frontside heelflip,heelflip,flip_trick,True,land,directory_heuristic,1280,720,60.0,92,1.53,pass,val,True,True,False
batb_0425,thrasher_batb,data/raw_videos/thrasher_batb/frontside kickflip/fs flip cody cepeda.mov,cody_cepeda,regular,frontside kickflip,kickflip,flip_trick,True,land,directory_heuristic,1280,720,60.0,125,2.08,pass,train,True,True,False
batb_0426,thrasher_batb,data/raw_videos/thrasher_batb/frontside kickflip/fs flip colbourn.mov,jack_colbourn,regular,frontside kickflip,kickflip,flip_trick,True,land,directory_heuristic,1280,720,60.0,127,2.12,pass,train,True,True,False
batb_0427,thrasher_batb,data/raw_videos/thrasher_batb/frontside kickflip/Fs flip Dennis Busenitz.mov,dennis_busenitz,regular,frontside kickflip,kickflip,flip_trick,True,land,directory_heuristic,1280,720,23.98,46,1.92,low_fps,train,False,False,False
batb_0428,thrasher_batb,data/raw_videos/thrasher_batb/frontside kickflip/fs flip joslin.mov,chris_joslin,regular,frontside kickflip,kickflip,flip_trick,True,land,directory_heuristic,1280,720,60.0,133,2.22,pass,test,True,True,False
batb_0429,thrasher_batb,data/raw_videos/thrasher_batb/frontside kickflip/fs flip luan.mov,luan_oliveira,regular,frontside kickflip,kickflip,flip_trick,True,land,directory_heuristic,1280,720,60.0,128,2.13,pass,test,True,True,False
batb_0430,thrasher_batb,data/raw_videos/thrasher_batb/frontside kickflip/fs flip pudwill.mov,torey_pudwill,regular,frontside kickflip,kickflip,flip_trick,True,land,directory_heuristic,1280,720,60.0,146,2.43,pass,train,True,True,False
batb_0431,thrasher_batb,data/raw_videos/thrasher_batb/frontside kickflip/fs flip sean.mov,sean_malto,regular,frontside kickflip,kickflip,flip_trick,True,land,directory_heuristic,1280,720,60.0,139,2.32,pass,train,True,True,False
batb_0432,thrasher_batb,data/raw_videos/thrasher_batb/frontside kickflip/fs flip sewa 1.mov,sewa_kroetkov,regular,frontside kickflip,kickflip,flip_trick,True,land,directory_heuristic,1280,720,55.2,115,2.08,pass,test,True,False,False
batb_0433,thrasher_batb,data/raw_videos/thrasher_batb/frontside kickflip/fs flip sewa copy 2.mov,sewa_kroetkov,regular,frontside kickflip,kickflip,flip_trick,True,land,directory_heuristic,1280,720,60.0,105,1.75,pass,test,True,True,False
batb_0434,thrasher_batb,data/raw_videos/thrasher_batb/frontside kickflip/fs flip sewa copy.mov,sewa_kroetkov,regular,frontside kickflip,kickflip,flip_trick,True,land,directory_heuristic,1280,720,60.0,121,2.02,pass,test,True,True,False
batb_0435,thrasher_batb,data/raw_videos/thrasher_batb/frontside kickflip/fs flip sewa.mov,sewa_kroetkov,regular,frontside kickflip,kickflip,flip_trick,True,land,directory_heuristic,1280,720,60.0,127,2.12,pass,test,True,True,False
batb_0436,thrasher_batb,data/raw_videos/thrasher_batb/frontside kickflip/fs flip shane.mov,shane_oneill,regular,frontside kickflip,kickflip,flip_trick,True,land,directory_heuristic,1280,720,59.06,125,2.12,pass,val,True,False,False
batb_0437,thrasher_batb,data/raw_videos/thrasher_batb/frontside shuv/fs shuv cody cepeda.mov,cody_cepeda,regular,frontside shuv,frontside_shuvit,shuv_trick,True,land,directory_heuristic,1280,720,60.0,103,1.72,pass,train,True,True,False
batb_0438,thrasher_batb,data/raw_videos/thrasher_batb/frontside shuv/fs shuv colbourn.mov,jack_colbourn,regular,frontside shuv,frontside_shuvit,shuv_trick,True,land,directory_heuristic,1280,720,60.0,111,1.85,pass,train,True,True,False
batb_0439,thrasher_batb,data/raw_videos/thrasher_batb/frontside shuv/fs shuv fyock.mov,tom_fyock,regular,frontside shuv,frontside_shuvit,shuv_trick,True,land,directory_heuristic,1280,720,60.0,110,1.83,pass,train,True,True,False
batb_0440,thrasher_batb,data/raw_videos/thrasher_batb/frontside shuv/fs shuv sean.mov,sean_malto,regular,frontside shuv,frontside_shuvit,shuv_trick,True,land,directory_heuristic,1280,720,60.0,115,1.92,pass,train,True,True,False
batb_0441,thrasher_batb,data/raw_videos/thrasher_batb/frontside shuv/fs shuv sewa copy.mov,sewa_kroetkov,regular,frontside shuv,frontside_shuvit,shuv_trick,True,land,directory_heuristic,1280,720,60.0,106,1.77,pass,test,True,True,False
batb_0442,thrasher_batb,data/raw_videos/thrasher_batb/frontside shuv/fs shuv sewa.mov,sewa_kroetkov,regular,frontside shuv,frontside_shuvit,shuv_trick,True,land,directory_heuristic,1280,720,60.0,114,1.9,pass,test,True,True,False
batb_0443,thrasher_batb,data/raw_videos/thrasher_batb/halfcab heelflip/halfcab heel colbourn.mov,jack_colbourn,fakie,halfcab heelflip,heelflip,flip_trick,True,land,directory_heuristic,1280,720,60.0,125,2.08,pass,train,True,True,False
batb_0444,thrasher_batb,data/raw_videos/thrasher_batb/halfcab heelflip/halfcab heel joslin.mov,chris_joslin,fakie,halfcab heelflip,heelflip,flip_trick,True,land,directory_heuristic,1280,720,60.0,144,2.4,pass,test,True,True,False
batb_0445,thrasher_batb,data/raw_videos/thrasher_batb/halfcab heelflip/halfcab heel sean.mov,sean_malto,fakie,halfcab heelflip,heelflip,flip_trick,True,land,directory_heuristic,1280,720,60.0,127,2.12,pass,train,True,True,False
batb_0446,thrasher_batb,data/raw_videos/thrasher_batb/halfcab heelflip/halfcab heel sewa.mov,sewa_kroetkov,fakie,halfcab heelflip,heelflip,flip_trick,True,land,directory_heuristic,1280,720,60.0,141,2.35,pass,test,True,True,False
batb_0447,thrasher_batb,data/raw_videos/thrasher_batb/halfcab kickflip/halfcab flip chris cole.mov,chris_cole,fakie,halfcab kickflip,kickflip,flip_trick,True,land,directory_heuristic,1280,720,23.98,47,1.96,low_fps,train,False,False,False
batb_0448,thrasher_batb,data/raw_videos/thrasher_batb/halfcab kickflip/halfcab flip colbourn.mov,jack_colbourn,fakie,halfcab kickflip,kickflip,flip_trick,True,land,directory_heuristic,1280,720,60.0,127,2.12,pass,train,True,True,False
batb_0449,thrasher_batb,data/raw_videos/thrasher_batb/halfcab kickflip/halfcab flip joslin copy.mov,chris_joslin,fakie,halfcab kickflip,kickflip,flip_trick,True,land,directory_heuristic,1280,720,60.0,125,2.08,pass,test,True,True,False
batb_0450,thrasher_batb,data/raw_videos/thrasher_batb/halfcab kickflip/halfcab flip joslin.mov,chris_joslin,fakie,halfcab kickflip,kickflip,flip_trick,True,land,directory_heuristic,1280,720,60.0,121,2.02,pass,test,True,True,False
batb_0451,thrasher_batb,data/raw_videos/thrasher_batb/halfcab kickflip/halfcab flip luan copy.mov,luan_oliveira,fakie,halfcab kickflip,kickflip,flip_trick,True,land,directory_heuristic,1280,720,60.0,119,1.98,pass,test,True,True,False
batb_0452,thrasher_batb,data/raw_videos/thrasher_batb/halfcab kickflip/halfcab flip luan.mov,luan_oliveira,fakie,halfcab kickflip,kickflip,flip_trick,True,land,directory_heuristic,1280,720,60.0,123,2.05,pass,test,True,True,False
batb_0453,thrasher_batb,data/raw_videos/thrasher_batb/halfcab kickflip/halfcab flip nick tucker.mov,nick_tucker,fakie,halfcab kickflip,kickflip,flip_trick,True,land,directory_heuristic,1280,720,23.98,56,2.34,low_fps,train,False,False,False
batb_0454,thrasher_batb,data/raw_videos/thrasher_batb/halfcab kickflip/halfcab flip nick.mov,nick_tucker,fakie,halfcab kickflip,kickflip,flip_trick,True,land,directory_heuristic,1280,720,58.99,117,1.98,pass,train,True,False,False
batb_0455,thrasher_batb,data/raw_videos/thrasher_batb/halfcab kickflip/Halfcab Kickflip Dennis Busenitz.mov,dennis_busenitz,fakie,halfcab kickflip,kickflip,flip_trick,True,land,directory_heuristic,1280,720,23.98,41,1.71,low_fps,train,False,False,False
batb_0456,thrasher_batb,data/raw_videos/thrasher_batb/halfcab kickflip/Halfcab Kicklip Chris Cole.mov,chris_cole,fakie,halfcab kickflip,kickflip,flip_trick,True,land,directory_heuristic,1280,720,23.98,41,1.71,low_fps,train,False,False,False
batb_0457,thrasher_batb,data/raw_videos/thrasher_batb/halfcab late bigspin/halfcab late bigspin ishod.mov,ishod_wair,fakie,halfcab late bigspin,bigspin,coupled_trick,False,land,directory_heuristic,1280,720,60.0,255,4.25,pass,train,True,True,False
batb_0458,thrasher_batb,data/raw_videos/thrasher_batb/halfcab late bigspin/halfcab late bigspin shane.mov,shane_oneill,fakie,halfcab late bigspin,bigspin,coupled_trick,False,land,directory_heuristic,1280,720,60.0,168,2.8,pass,val,True,True,False
batb_0459,thrasher_batb,data/raw_videos/thrasher_batb/hardflip/hardflip cody cepeda.mov,cody_cepeda,regular,hardflip,hardflip,coupled_trick,False,land,directory_heuristic,1280,720,60.0,130,2.17,pass,train,True,True,False
batb_0460,thrasher_batb,data/raw_videos/thrasher_batb/hardflip/hardflip colbourn.mov,jack_colbourn,regular,hardflip,hardflip,coupled_trick,False,land,directory_heuristic,1280,720,60.0,175,2.92,pass,train,True,True,False
batb_0461,thrasher_batb,data/raw_videos/thrasher_batb/hardflip/hardflip fyock.mov,tom_fyock,regular,hardflip,hardflip,coupled_trick,False,land,directory_heuristic,1280,720,60.0,142,2.37,pass,train,True,True,False
batb_0462,thrasher_batb,data/raw_videos/thrasher_batb/hardflip/hardflip joslin copy.mov,chris_joslin,regular,hardflip,hardflip,coupled_trick,False,land,directory_heuristic,1280,720,56.73,139,2.45,pass,test,True,False,False
batb_0463,thrasher_batb,data/raw_videos/thrasher_batb/hardflip/hardflip joslin.mov,chris_joslin,regular,hardflip,hardflip,coupled_trick,False,land,directory_heuristic,1280,720,60.0,138,2.3,pass,test,True,True,False
batb_0464,thrasher_batb,data/raw_videos/thrasher_batb/hardflip/hardflip luan.mov,luan_oliveira,regular,hardflip,hardflip,coupled_trick,False,land,directory_heuristic,1280,720,60.0,138,2.3,pass,test,True,True,False
batb_0465,thrasher_batb,data/raw_videos/thrasher_batb/hardflip/hardflip sean.mov,sean_malto,regular,hardflip,hardflip,coupled_trick,False,land,directory_heuristic,1280,720,60.0,177,2.95,pass,train,True,True,False
batb_0466,thrasher_batb,data/raw_videos/thrasher_batb/hardflip/hardflip sewa copy 2.mov,sewa_kroetkov,regular,hardflip,hardflip,coupled_trick,False,land,directory_heuristic,1280,720,56.86,163,2.87,pass,test,True,False,False
batb_0467,thrasher_batb,data/raw_videos/thrasher_batb/hardflip/hardflip sewa copy.mov,sewa_kroetkov,regular,hardflip,hardflip,coupled_trick,False,land,directory_heuristic,1280,720,57.37,131,2.28,pass,test,True,False,False
batb_0468,thrasher_batb,data/raw_videos/thrasher_batb/hardflip/hardflip sewa.mov,sewa_kroetkov,regular,hardflip,hardflip,coupled_trick,False,land,directory_heuristic,1280,720,60.0,106,1.77,pass,test,True,True,False
batb_0469,thrasher_batb,data/raw_videos/thrasher_batb/hardflip/hardflip sewa1.mov,sewa_kroetkov,regular,hardflip,hardflip,coupled_trick,False,land,directory_heuristic,1280,720,60.0,132,2.2,pass,test,True,True,False
batb_0470,thrasher_batb,data/raw_videos/thrasher_batb/hardflip/hardflip shane.mov,shane_oneill,regular,hardflip,hardflip,coupled_trick,False,land,directory_heuristic,1280,720,60.0,111,1.85,pass,val,True,True,False
batb_0471,thrasher_batb,data/raw_videos/thrasher_batb/heelflip/heelflip chris cole.mov,chris_cole,regular,heelflip,heelflip,flip_trick,True,land,directory_heuristic,1280,720,23.98,41,1.71,low_fps,train,False,False,False
batb_0472,thrasher_batb,data/raw_videos/thrasher_batb/heelflip/heelflip colbourn.mov,jack_colbourn,regular,heelflip,heelflip,flip_trick,True,land,directory_heuristic,1280,720,60.0,117,1.95,pass,train,True,True,False
batb_0473,thrasher_batb,data/raw_videos/thrasher_batb/heelflip/Heelflip Dennis Busenitz.mov,dennis_busenitz,regular,heelflip,heelflip,flip_trick,True,land,directory_heuristic,1280,720,23.98,51,2.13,low_fps,train,False,False,False
batb_0474,thrasher_batb,data/raw_videos/thrasher_batb/heelflip/heelflip joslin.mov,chris_joslin,regular,heelflip,heelflip,flip_trick,True,land,directory_heuristic,1280,720,60.0,134,2.23,pass,test,True,True,False
batb_0475,thrasher_batb,data/raw_videos/thrasher_batb/heelflip/heelflip luan.mov,luan_oliveira,regular,heelflip,heelflip,flip_trick,True,land,directory_heuristic,1280,720,60.0,113,1.88,pass,test,True,True,False
batb_0476,thrasher_batb,data/raw_videos/thrasher_batb/heelflip/heelflip nick tucker.mov,nick_tucker,regular,heelflip,heelflip,flip_trick,True,land,directory_heuristic,1280,720,23.98,48,2.0,low_fps,train,False,False,False
batb_0477,thrasher_batb,data/raw_videos/thrasher_batb/heelflip/heelflip pj.mov,pj_ladd,regular,heelflip,heelflip,flip_trick,True,land,directory_heuristic,1280,720,60.0,117,1.95,pass,val,True,True,False
batb_0478,thrasher_batb,data/raw_videos/thrasher_batb/heelflip/heelflip sean.mov,sean_malto,regular,heelflip,heelflip,flip_trick,True,land,directory_heuristic,1280,720,60.0,119,1.98,pass,train,True,True,False
batb_0479,thrasher_batb,data/raw_videos/thrasher_batb/heelflip/heelflip shane.mov,shane_oneill,regular,heelflip,heelflip,flip_trick,True,land,directory_heuristic,1280,720,60.0,122,2.03,pass,val,True,True,False
batb_0480,thrasher_batb,data/raw_videos/thrasher_batb/kickflip/kickflip chris cole.mov,chris_cole,regular,kickflip,kickflip,flip_trick,True,land,directory_heuristic,1280,720,23.98,77,3.21,low_fps,train,False,False,False
batb_0481,thrasher_batb,data/raw_videos/thrasher_batb/kickflip/kickflip cody cepeda.mov,cody_cepeda,regular,kickflip,kickflip,flip_trick,True,land,directory_heuristic,1280,720,60.0,116,1.93,pass,train,True,True,False
batb_0482,thrasher_batb,data/raw_videos/thrasher_batb/kickflip/kickflip colbourn.mov,jack_colbourn,regular,kickflip,kickflip,flip_trick,True,land,directory_heuristic,1280,720,60.0,110,1.83,pass,train,True,True,False
batb_0483,thrasher_batb,data/raw_videos/thrasher_batb/kickflip/kickflip fyock.mov,tom_fyock,regular,kickflip,kickflip,flip_trick,True,land,directory_heuristic,1280,720,60.0,180,3.0,pass,train,True,True,False
batb_0484,thrasher_batb,data/raw_videos/thrasher_batb/kickflip/kickflip luan.mov,luan_oliveira,regular,kickflip,kickflip,flip_trick,True,land,directory_heuristic,1280,720,60.0,115,1.92,pass,test,True,True,False
batb_0485,thrasher_batb,data/raw_videos/thrasher_batb/kickflip/kickflip pj.mov,pj_ladd,regular,kickflip,kickflip,flip_trick,True,land,directory_heuristic,1280,720,60.0,240,4.0,pass,val,True,True,False
batb_0486,thrasher_batb,data/raw_videos/thrasher_batb/kickflip/kickflip pudwill.mov,torey_pudwill,regular,kickflip,kickflip,flip_trick,True,land,directory_heuristic,1280,720,60.0,134,2.23,pass,train,True,True,False
batb_0487,thrasher_batb,data/raw_videos/thrasher_batb/kickflip/kickflip sean.mov,sean_malto,regular,kickflip,kickflip,flip_trick,True,land,directory_heuristic,1280,720,60.0,120,2.0,pass,train,True,True,False
batb_0488,thrasher_batb,data/raw_videos/thrasher_batb/kickflip/kickflip sewa copy.mov,sewa_kroetkov,regular,kickflip,kickflip,flip_trick,True,land,directory_heuristic,1280,720,60.0,122,2.03,pass,test,True,True,False
batb_0489,thrasher_batb,data/raw_videos/thrasher_batb/kickflip/kickflip sewa.mov,sewa_kroetkov,regular,kickflip,kickflip,flip_trick,True,land,directory_heuristic,1280,720,60.0,137,2.28,pass,test,True,True,False
batb_0490,thrasher_batb,data/raw_videos/thrasher_batb/kickflip/kickflip shane.mov,shane_oneill,regular,kickflip,kickflip,flip_trick,True,land,directory_heuristic,1280,720,60.0,62,1.03,pass,val,False,True,False
batb_0491,thrasher_batb,data/raw_videos/thrasher_batb/nollie 360 bigspin/nollie 360 bigspin cody cepeda.mov,cody_cepeda,nollie,nollie 360 bigspin,bigspin,coupled_trick,False,land,directory_heuristic,1280,720,60.0,144,2.4,pass,train,True,True,False
batb_0492,thrasher_batb,data/raw_videos/thrasher_batb/nollie 360 bigspin/nollie 360 bigspin sewa.mov,sewa_kroetkov,nollie,nollie 360 bigspin,bigspin,coupled_trick,False,land,directory_heuristic,1280,720,60.0,153,2.55,pass,test,True,True,False
batb_0493,thrasher_batb,data/raw_videos/thrasher_batb/nollie 360 flip/nollie 360 flip colbourn.mov,jack_colbourn,nollie,nollie 360 flip,360_flip,coupled_trick,True,land,directory_heuristic,1280,720,60.0,124,2.07,pass,train,True,True,False
batb_0494,thrasher_batb,data/raw_videos/thrasher_batb/nollie 360 flip/nollie 360 flip joslin.mov,chris_joslin,nollie,nollie 360 flip,360_flip,coupled_trick,True,land,directory_heuristic,1280,720,57.32,171,2.98,pass,test,True,False,False
batb_0495,thrasher_batb,data/raw_videos/thrasher_batb/nollie 360 flip/nollie 360 flip pj.mov,pj_ladd,nollie,nollie 360 flip,360_flip,coupled_trick,True,land,directory_heuristic,1280,720,60.0,130,2.17,pass,val,True,True,False
batb_0496,thrasher_batb,data/raw_videos/thrasher_batb/nollie 360 flip/nollie 360 flip sean.mov,sean_malto,nollie,nollie 360 flip,360_flip,coupled_trick,True,land,directory_heuristic,1280,720,60.0,124,2.07,pass,train,True,True,False
batb_0497,thrasher_batb,data/raw_videos/thrasher_batb/nollie 360 flip/nollie 360 flip sewa.mov,sewa_kroetkov,nollie,nollie 360 flip,360_flip,coupled_trick,True,land,directory_heuristic,1280,720,55.46,171,3.08,pass,test,True,False,False
batb_0498,thrasher_batb,data/raw_videos/thrasher_batb/nollie 360 flip/nollie 360 flip shane.mov,shane_oneill,nollie,nollie 360 flip,360_flip,coupled_trick,True,land,directory_heuristic,1280,720,60.0,152,2.53,pass,val,True,True,False
batb_0499,thrasher_batb,data/raw_videos/thrasher_batb/nollie backside 180 heelflip/nollie back heel cody cepeda.mov,cody_cepeda,nollie,nollie backside 180 heelflip,heelflip,flip_trick,True,land,directory_heuristic,1280,720,60.0,129,2.15,pass,train,True,True,False
batb_0500,thrasher_batb,data/raw_videos/thrasher_batb/nollie backside 180 heelflip/nollie back heel colbourn.mov,jack_colbourn,nollie,nollie backside 180 heelflip,heelflip,flip_trick,True,land,directory_heuristic,1280,720,60.0,124,2.07,pass,train,True,True,False
batb_0501,thrasher_batb,data/raw_videos/thrasher_batb/nollie backside 180 heelflip/nollie back heel joslin copy 2.mov,chris_joslin,nollie,nollie backside 180 heelflip,heelflip,flip_trick,True,land,directory_heuristic,1280,720,56.25,150,2.67,pass,test,True,False,False
batb_0502,thrasher_batb,data/raw_videos/thrasher_batb/nollie backside 180 heelflip/nollie back heel joslin copy.mov,chris_joslin,nollie,nollie backside 180 heelflip,heelflip,flip_trick,True,land,directory_heuristic,1280,720,55.64,153,2.75,pass,test,True,False,False
batb_0503,thrasher_batb,data/raw_videos/thrasher_batb/nollie backside 180 heelflip/nollie back heel joslin.mov,chris_joslin,nollie,nollie backside 180 heelflip,heelflip,flip_trick,True,land,directory_heuristic,1280,720,60.0,106,1.77,pass,test,True,True,False
batb_0504,thrasher_batb,data/raw_videos/thrasher_batb/nollie backside 180 heelflip/nollie back heel luan copy.mov,luan_oliveira,nollie,nollie backside 180 heelflip,heelflip,flip_trick,True,land,directory_heuristic,1280,720,60.0,128,2.13,pass,test,True,True,False
batb_0505,thrasher_batb,data/raw_videos/thrasher_batb/nollie backside 180 heelflip/nollie back heel luan.mov,luan_oliveira,nollie,nollie backside 180 heelflip,heelflip,flip_trick,True,land,directory_heuristic,1280,720,60.0,146,2.43,pass,test,True,True,False
batb_0506,thrasher_batb,data/raw_videos/thrasher_batb/nollie backside 180 heelflip/nollie back heel nick.mov,nick_tucker,nollie,nollie backside 180 heelflip,heelflip,flip_trick,True,land,directory_heuristic,1280,720,60.0,157,2.62,pass,train,True,True,False
batb_0507,thrasher_batb,data/raw_videos/thrasher_batb/nollie backside 180 heelflip/nollie back heel pudwill.mov,torey_pudwill,nollie,nollie backside 180 heelflip,heelflip,flip_trick,True,land,directory_heuristic,1280,720,60.0,150,2.5,pass,train,True,True,False
batb_0508,thrasher_batb,data/raw_videos/thrasher_batb/nollie backside 180 heelflip/nollie back heel sean.mov,sean_malto,nollie,nollie backside 180 heelflip,heelflip,flip_trick,True,land,directory_heuristic,1280,720,59.2,148,2.5,pass,train,True,False,False
batb_0509,thrasher_batb,data/raw_videos/thrasher_batb/nollie backside 180 heelflip/nollie back heel sewa copy 2.mov,sewa_kroetkov,nollie,nollie backside 180 heelflip,heelflip,flip_trick,True,land,directory_heuristic,1280,720,60.0,125,2.08,pass,test,True,True,False
batb_0510,thrasher_batb,data/raw_videos/thrasher_batb/nollie backside 180 heelflip/nollie back heel sewa copy.mov,sewa_kroetkov,nollie,nollie backside 180 heelflip,heelflip,flip_trick,True,land,directory_heuristic,1280,720,55.54,162,2.92,pass,test,True,False,False
batb_0511,thrasher_batb,data/raw_videos/thrasher_batb/nollie backside 180 heelflip/nollie back heel sewa.mov,sewa_kroetkov,nollie,nollie backside 180 heelflip,heelflip,flip_trick,True,land,directory_heuristic,1280,720,60.0,125,2.08,pass,test,True,True,False
batb_0512,thrasher_batb,data/raw_videos/thrasher_batb/nollie backside 180 heelflip/nollie back heel shane.mov,shane_oneill,nollie,nollie backside 180 heelflip,heelflip,flip_trick,True,land,directory_heuristic,1280,720,59.14,137,2.32,pass,val,True,False,False
batb_0513,thrasher_batb,data/raw_videos/thrasher_batb/nollie backside 180 heelflip/nollie bs 180 heelflip pj.mov,pj_ladd,nollie,nollie backside 180 heelflip,heelflip,flip_trick,True,land,directory_heuristic,1280,720,60.0,112,1.87,pass,val,True,True,False
batb_0514,thrasher_batb,data/raw_videos/thrasher_batb/nollie backside 180 heelflip/nollie bs 180 heelflip shane.mov,shane_oneill,nollie,nollie backside 180 heelflip,heelflip,flip_trick,True,land,directory_heuristic,1280,720,60.0,140,2.33,pass,val,True,True,False
batb_0515,thrasher_batb,data/raw_videos/thrasher_batb/nollie backside 180 heelflip/nollie bs heel sewa.mov,sewa_kroetkov,nollie,nollie backside 180 heelflip,heelflip,flip_trick,True,land,directory_heuristic,1280,720,60.0,168,2.8,pass,test,True,True,False
batb_0516,thrasher_batb,data/raw_videos/thrasher_batb/nollie backside 180 kickflip/nollie back flip joslin.mov,chris_joslin,nollie,nollie backside 180 kickflip,kickflip,flip_trick,True,land,directory_heuristic,1280,720,56.98,151,2.65,pass,test,True,False,False
batb_0517,thrasher_batb,data/raw_videos/thrasher_batb/nollie backside 180 kickflip/nollie back flip luan.mov,luan_oliveira,nollie,nollie backside 180 kickflip,kickflip,flip_trick,True,land,directory_heuristic,1280,720,60.0,119,1.98,pass,test,True,True,False
batb_0518,thrasher_batb,data/raw_videos/thrasher_batb/nollie backside 180 kickflip/nollie back flip nick.mov,nick_tucker,nollie,nollie backside 180 kickflip,kickflip,flip_trick,True,land,directory_heuristic,1280,720,58.67,176,3.0,pass,train,True,False,False
batb_0519,thrasher_batb,data/raw_videos/thrasher_batb/nollie backside 180 kickflip/nollie back flip pudwill.mov,torey_pudwill,nollie,nollie backside 180 kickflip,kickflip,flip_trick,True,land,directory_heuristic,1280,720,60.0,151,2.52,pass,train,True,True,False
batb_0520,thrasher_batb,data/raw_videos/thrasher_batb/nollie backside 180 kickflip/nollie bs flip colbourn.mov,jack_colbourn,nollie,nollie backside 180 kickflip,kickflip,flip_trick,True,land,directory_heuristic,1280,720,60.0,130,2.17,pass,train,True,True,False
batb_0521,thrasher_batb,data/raw_videos/thrasher_batb/nollie backside 180 kickflip/nollie bs flip joslin.mov,chris_joslin,nollie,nollie backside 180 kickflip,kickflip,flip_trick,True,land,directory_heuristic,1280,720,60.0,141,2.35,pass,test,True,True,False
batb_0522,thrasher_batb,data/raw_videos/thrasher_batb/nollie backside 180 kickflip/nollie bs flip luan.mov,luan_oliveira,nollie,nollie backside 180 kickflip,kickflip,flip_trick,True,land,directory_heuristic,1280,720,55.8,133,2.38,pass,test,True,False,False
batb_0523,thrasher_batb,data/raw_videos/thrasher_batb/nollie backside 180 kickflip/nollie bs flip sean.mov,sean_malto,nollie,nollie backside 180 kickflip,kickflip,flip_trick,True,land,directory_heuristic,1280,720,60.0,142,2.37,pass,train,True,True,False
batb_0524,thrasher_batb,data/raw_videos/thrasher_batb/nollie backside 360 heelflip/nollie bs 360 heel joslin copy.mov,chris_joslin,nollie,nollie backside 360 heelflip,heelflip,flip_trick,True,land,directory_heuristic,1280,720,60.0,193,3.22,pass,test,True,True,False
batb_0525,thrasher_batb,data/raw_videos/thrasher_batb/nollie backside 360 heelflip/nollie bs 360 heel joslin.mov,chris_joslin,nollie,nollie backside 360 heelflip,heelflip,flip_trick,True,land,directory_heuristic,1280,720,60.0,164,2.73,pass,test,True,True,False
batb_0526,thrasher_batb,data/raw_videos/thrasher_batb/nollie backside 360 heelflip/nollie bs 360 heel luan.mov,luan_oliveira,nollie,nollie backside 360 heelflip,heelflip,flip_trick,True,land,directory_heuristic,1280,720,60.0,153,2.55,pass,test,True,True,False
batb_0527,thrasher_batb,data/raw_videos/thrasher_batb/nollie backside 360 heelflip/nollie bs 360 heel nick.mov,nick_tucker,nollie,nollie backside 360 heelflip,heelflip,flip_trick,True,land,directory_heuristic,1280,720,60.0,183,3.05,pass,train,True,True,False
batb_0528,thrasher_batb,data/raw_videos/thrasher_batb/nollie backside 360 heelflip/nollie bs 360 heelflip chris cole.mov,chris_cole,nollie,nollie backside 360 heelflip,heelflip,flip_trick,True,land,directory_heuristic,1280,720,23.98,51,2.13,low_fps,train,False,False,False
batb_0529,thrasher_batb,data/raw_videos/thrasher_batb/nollie backside bigspin/nollie bs bigspin nick tucker.mov,nick_tucker,nollie,nollie backside bigspin,bigspin,coupled_trick,False,land,directory_heuristic,1280,720,23.98,47,1.96,low_fps,train,False,False,False
batb_0530,thrasher_batb,data/raw_videos/thrasher_batb/nollie backside bigspin/nollie bs bigspin pj.mov,pj_ladd,nollie,nollie backside bigspin,bigspin,coupled_trick,False,land,directory_heuristic,1280,720,60.0,120,2.0,pass,val,True,True,False
batb_0531,thrasher_batb,data/raw_videos/thrasher_batb/nollie backside bigspin/nollie bs bigspin shane.mov,shane_oneill,nollie,nollie backside bigspin,bigspin,coupled_trick,False,land,directory_heuristic,1280,720,60.0,130,2.17,pass,val,True,True,False
batb_0532,thrasher_batb,data/raw_videos/thrasher_batb/nollie bigger flip/nollie bigger flip joslin.mov,chris_joslin,nollie,nollie bigger flip,kickflip,flip_trick,True,land,directory_heuristic,1280,720,59.17,143,2.42,pass,test,True,False,False
batb_0533,thrasher_batb,data/raw_videos/thrasher_batb/nollie bigger flip/nollie bigger flip nick.mov,nick_tucker,nollie,nollie bigger flip,kickflip,flip_trick,True,land,directory_heuristic,1280,720,60.0,155,2.58,pass,train,True,True,False
batb_0534,thrasher_batb,data/raw_videos/thrasher_batb/nollie double flip/nollie double flip cody cepeda.mov,cody_cepeda,nollie,nollie double flip,double_kickflip,flip_trick,False,land,directory_heuristic,1280,720,60.0,134,2.23,pass,train,True,True,False
batb_0535,thrasher_batb,data/raw_videos/thrasher_batb/nollie double flip/nollie double flip ishod.mov,ishod_wair,nollie,nollie double flip,double_kickflip,flip_trick,False,land,directory_heuristic,1280,720,59.14,411,6.95,pass,train,True,False,False
batb_0536,thrasher_batb,data/raw_videos/thrasher_batb/nollie double flip/nollie double flip joslin.mov,chris_joslin,nollie,nollie double flip,double_kickflip,flip_trick,False,land,directory_heuristic,1280,720,60.0,131,2.18,pass,test,True,True,False
batb_0537,thrasher_batb,data/raw_videos/thrasher_batb/nollie double flip/nollie double flip sewa copy.mov,sewa_kroetkov,nollie,nollie double flip,double_kickflip,flip_trick,False,land,directory_heuristic,1280,720,60.0,183,3.05,pass,test,True,True,False
batb_0538,thrasher_batb,data/raw_videos/thrasher_batb/nollie double flip/nollie double flip sewa.mov,sewa_kroetkov,nollie,nollie double flip,double_kickflip,flip_trick,False,land,directory_heuristic,1280,720,60.0,149,2.48,pass,test,True,True,False
batb_0539,thrasher_batb,data/raw_videos/thrasher_batb/nollie double flip/nollie double flip shane.mov,shane_oneill,nollie,nollie double flip,double_kickflip,flip_trick,False,land,directory_heuristic,1280,720,60.0,155,2.58,pass,val,True,True,False
batb_0540,thrasher_batb,data/raw_videos/thrasher_batb/nollie frontside 180 heelflip/nollie front flip luan.mov,luan_oliveira,nollie,nollie frontside 180 heelflip,heelflip,flip_trick,True,land,directory_heuristic,1280,720,60.0,116,1.93,pass,test,True,True,False
batb_0541,thrasher_batb,data/raw_videos/thrasher_batb/nollie frontside 180 heelflip/nollie front flip pudwill.mov,torey_pudwill,nollie,nollie frontside 180 heelflip,heelflip,flip_trick,True,land,directory_heuristic,1280,720,54.65,143,2.62,pass,train,True,False,False
batb_0542,thrasher_batb,data/raw_videos/thrasher_batb/nollie frontside 180 heelflip/nollie front heel sewa.mov,sewa_kroetkov,nollie,nollie frontside 180 heelflip,heelflip,flip_trick,True,land,directory_heuristic,1280,720,60.0,125,2.08,pass,test,True,True,False
batb_0543,thrasher_batb,data/raw_videos/thrasher_batb/nollie frontside 180 heelflip/nollie fs flip pj.mov,pj_ladd,nollie,nollie frontside 180 heelflip,heelflip,flip_trick,True,land,directory_heuristic,1280,720,60.0,145,2.42,pass,val,True,True,False
batb_0544,thrasher_batb,data/raw_videos/thrasher_batb/nollie frontside 180 heelflip/nollie fs flip shane.mov,shane_oneill,nollie,nollie frontside 180 heelflip,heelflip,flip_trick,True,land,directory_heuristic,1280,720,60.0,135,2.25,pass,val,True,True,False
batb_0545,thrasher_batb,data/raw_videos/thrasher_batb/nollie frontside 180 heelflip/nollie fs heel colbourn.mov,jack_colbourn,nollie,nollie frontside 180 heelflip,heelflip,flip_trick,True,land,directory_heuristic,1280,720,60.0,137,2.28,pass,train,True,True,False
batb_0546,thrasher_batb,data/raw_videos/thrasher_batb/nollie frontside 180 heelflip/nollie fs heel joslin.mov,chris_joslin,nollie,nollie frontside 180 heelflip,heelflip,flip_trick,True,land,directory_heuristic,1280,720,56.28,136,2.42,pass,test,True,False,False
batb_0547,thrasher_batb,data/raw_videos/thrasher_batb/nollie frontside 180 heelflip/nollie fs heel sean.mov,sean_malto,nollie,nollie frontside 180 heelflip,heelflip,flip_trick,True,land,directory_heuristic,1280,720,60.0,152,2.53,pass,train,True,True,False
batb_0548,thrasher_batb,data/raw_videos/thrasher_batb/nollie frontside 180 heelflip/nollie fs heel sewa.mov,sewa_kroetkov,nollie,nollie frontside 180 heelflip,heelflip,flip_trick,True,land,directory_heuristic,1280,720,59.14,137,2.32,pass,test,True,False,False
batb_0549,thrasher_batb,data/raw_videos/thrasher_batb/nollie frontside 180 kickflip/nollie fs flip sean.mov,sean_malto,nollie,nollie frontside 180 kickflip,kickflip,flip_trick,True,land,directory_heuristic,1280,720,60.0,136,2.27,pass,train,True,True,False
batb_0550,thrasher_batb,data/raw_videos/thrasher_batb/nollie frontside 180 kickflip/nollie fs flip shane copy.mov,shane_oneill,nollie,nollie frontside 180 kickflip,kickflip,flip_trick,True,land,directory_heuristic,1280,720,59.12,135,2.28,pass,val,True,False,False
batb_0551,thrasher_batb,data/raw_videos/thrasher_batb/nollie frontside 180 kickflip/nollie fs flip shane.mov,shane_oneill,nollie,nollie frontside 180 kickflip,kickflip,flip_trick,True,land,directory_heuristic,1280,720,60.0,114,1.9,pass,val,True,True,False
batb_0552,thrasher_batb,data/raw_videos/thrasher_batb/nollie hardflip/nollie hardflip joslin.mov,chris_joslin,nollie,nollie hardflip,hardflip,coupled_trick,False,land,directory_heuristic,1280,720,56.6,150,2.65,pass,test,True,False,False
batb_0553,thrasher_batb,data/raw_videos/thrasher_batb/nollie hardflip/nollie hardflip luan.mov,luan_oliveira,nollie,nollie hardflip,hardflip,coupled_trick,False,land,directory_heuristic,1280,720,60.0,134,2.23,pass,test,True,True,False
batb_0554,thrasher_batb,data/raw_videos/thrasher_batb/nollie hardflip/nollie hardflip pudwill.mov,torey_pudwill,nollie,nollie hardflip,hardflip,coupled_trick,False,land,directory_heuristic,1280,720,60.0,173,2.88,pass,train,True,True,False
batb_0555,thrasher_batb,data/raw_videos/thrasher_batb/nollie hardflip/nollie hardflip sewa 1.mov,sewa_kroetkov,nollie,nollie hardflip,hardflip,coupled_trick,False,land,directory_heuristic,1280,720,57.29,169,2.95,pass,test,True,False,False
batb_0556,thrasher_batb,data/raw_videos/thrasher_batb/nollie hardflip/nollie hardflip sewa copy 2.mov,sewa_kroetkov,nollie,nollie hardflip,hardflip,coupled_trick,False,land,directory_heuristic,1280,720,60.0,140,2.33,pass,test,True,True,False
batb_0557,thrasher_batb,data/raw_videos/thrasher_batb/nollie hardflip/nollie hardflip sewa copy.mov,sewa_kroetkov,nollie,nollie hardflip,hardflip,coupled_trick,False,land,directory_heuristic,1280,720,55.74,157,2.82,pass,test,True,False,False
batb_0558,thrasher_batb,data/raw_videos/thrasher_batb/nollie hardflip/nollie hardflip sewa.mov,sewa_kroetkov,nollie,nollie hardflip,hardflip,coupled_trick,False,land,directory_heuristic,1280,720,60.0,136,2.27,pass,test,True,True,False
batb_0559,thrasher_batb,data/raw_videos/thrasher_batb/nollie hardflip/nollie hardflip shane.mov,shane_oneill,nollie,nollie hardflip,hardflip,coupled_trick,False,land,directory_heuristic,1280,720,55.78,172,3.08,pass,val,True,False,False
batb_0560,thrasher_batb,data/raw_videos/thrasher_batb/nollie heelflip/nollie heel cody cepeda.mov,cody_cepeda,nollie,nollie heelflip,heelflip,flip_trick,True,land,directory_heuristic,1280,720,60.0,159,2.65,pass,train,True,True,False
batb_0561,thrasher_batb,data/raw_videos/thrasher_batb/nollie heelflip/nollie heel colbourn.mov,jack_colbourn,nollie,nollie heelflip,heelflip,flip_trick,True,land,directory_heuristic,1280,720,60.0,109,1.82,pass,train,True,True,False
batb_0562,thrasher_batb,data/raw_videos/thrasher_batb/nollie heelflip/nollie heel fyock.mov,tom_fyock,nollie,nollie heelflip,heelflip,flip_trick,True,land,directory_heuristic,1280,720,60.0,114,1.9,pass,train,True,True,False
batb_0563,thrasher_batb,data/raw_videos/thrasher_batb/nollie heelflip/nollie heel joslin copy 2.mov,chris_joslin,nollie,nollie heelflip,heelflip,flip_trick,True,land,directory_heuristic,1280,720,60.0,145,2.42,pass,test,True,True,False
batb_0564,thrasher_batb,data/raw_videos/thrasher_batb/nollie heelflip/nollie heel joslin copy.mov,chris_joslin,nollie,nollie heelflip,heelflip,flip_trick,True,land,directory_heuristic,1280,720,60.0,125,2.08,pass,test,True,True,False
batb_0565,thrasher_batb,data/raw_videos/thrasher_batb/nollie heelflip/nollie heel joslin.mov,chris_joslin,nollie,nollie heelflip,heelflip,flip_trick,True,land,directory_heuristic,1280,720,60.0,104,1.73,pass,test,True,True,False
batb_0566,thrasher_batb,data/raw_videos/thrasher_batb/nollie heelflip/nollie heel luan.mov,luan_oliveira,nollie,nollie heelflip,heelflip,flip_trick,True,land,directory_heuristic,1280,720,60.0,123,2.05,pass,test,True,True,False
batb_0567,thrasher_batb,data/raw_videos/thrasher_batb/nollie heelflip/nollie heel nick.mov,nick_tucker,nollie,nollie heelflip,heelflip,flip_trick,True,land,directory_heuristic,1280,720,55.58,151,2.72,pass,train,True,False,False
batb_0568,thrasher_batb,data/raw_videos/thrasher_batb/nollie heelflip/nollie heel sean.mov,sean_malto,nollie,nollie heelflip,heelflip,flip_trick,True,land,directory_heuristic,1280,720,60.0,116,1.93,pass,train,True,True,False
batb_0569,thrasher_batb,data/raw_videos/thrasher_batb/nollie heelflip/nollie heel sewa 1.mov,sewa_kroetkov,nollie,nollie heelflip,heelflip,flip_trick,True,land,directory_heuristic,1280,720,58.88,158,2.68,pass,test,True,False,False
batb_0570,thrasher_batb,data/raw_videos/thrasher_batb/nollie heelflip/nollie heel sewa copy 2.mov,sewa_kroetkov,nollie,nollie heelflip,heelflip,flip_trick,True,land,directory_heuristic,1280,720,57.98,115,1.98,pass,test,True,False,False
batb_0571,thrasher_batb,data/raw_videos/thrasher_batb/nollie heelflip/nollie heel sewa copy.mov,sewa_kroetkov,nollie,nollie heelflip,heelflip,flip_trick,True,land,directory_heuristic,1280,720,59.23,154,2.6,pass,test,True,False,False
batb_0572,thrasher_batb,data/raw_videos/thrasher_batb/nollie heelflip/nollie heel sewa.mov,sewa_kroetkov,nollie,nollie heelflip,heelflip,flip_trick,True,land,directory_heuristic,1280,720,60.0,121,2.02,pass,test,True,True,False
batb_0573,thrasher_batb,data/raw_videos/thrasher_batb/nollie heelflip/nollie heel shane.mov,shane_oneill,nollie,nollie heelflip,heelflip,flip_trick,True,land,directory_heuristic,1280,720,60.0,125,2.08,pass,val,True,True,False
batb_0574,thrasher_batb,data/raw_videos/thrasher_batb/nollie heelflip/nollie heelflip ishod.mov,ishod_wair,nollie,nollie heelflip,heelflip,flip_trick,True,land,directory_heuristic,1280,720,60.0,103,1.72,pass,train,True,True,False
batb_0575,thrasher_batb,data/raw_videos/thrasher_batb/nollie heelflip/nollie heelflip pj.mov,pj_ladd,nollie,nollie heelflip,heelflip,flip_trick,True,land,directory_heuristic,1280,720,60.0,120,2.0,pass,val,True,True,False
batb_0576,thrasher_batb,data/raw_videos/thrasher_batb/nollie heelflip/nollie heelflip shane copy.mov,shane_oneill,nollie,nollie heelflip,heelflip,flip_trick,True,land,directory_heuristic,1280,720,60.0,134,2.23,pass,val,True,True,False
batb_0577,thrasher_batb,data/raw_videos/thrasher_batb/nollie heelflip/nollie heelflip shane.mov,shane_oneill,nollie,nollie heelflip,heelflip,flip_trick,True,land,directory_heuristic,1280,720,60.0,130,2.17,pass,val,True,True,False
batb_0578,thrasher_batb,data/raw_videos/thrasher_batb/nollie inward heelflip/nollie inward heel colbourn.mov,jack_colbourn,nollie,nollie inward heelflip,inward_heelflip,coupled_trick,False,land,directory_heuristic,1280,720,60.0,133,2.22,pass,train,True,True,False
batb_0579,thrasher_batb,data/raw_videos/thrasher_batb/nollie inward heelflip/nollie inward heel joslin.mov,chris_joslin,nollie,nollie inward heelflip,inward_heelflip,coupled_trick,False,land,directory_heuristic,1280,720,60.0,139,2.32,pass,test,True,True,False
batb_0580,thrasher_batb,data/raw_videos/thrasher_batb/nollie inward heelflip/nollie inward heel nick.mov,nick_tucker,nollie,nollie inward heelflip,inward_heelflip,coupled_trick,False,land,directory_heuristic,1280,720,56.91,166,2.92,pass,train,True,False,False
batb_0581,thrasher_batb,data/raw_videos/thrasher_batb/nollie inward heelflip/nollie inward heel sean.mov,sean_malto,nollie,nollie inward heelflip,inward_heelflip,coupled_trick,False,land,directory_heuristic,1280,720,60.0,145,2.42,pass,train,True,True,False
batb_0582,thrasher_batb,data/raw_videos/thrasher_batb/nollie kickflip/nollie flip cody cepeda.mov,cody_cepeda,nollie,nollie kickflip,kickflip,flip_trick,True,land,directory_heuristic,1280,720,60.0,114,1.9,pass,train,True,True,False
batb_0583,thrasher_batb,data/raw_videos/thrasher_batb/nollie kickflip/nollie flip colbourn.mov,jack_colbourn,nollie,nollie kickflip,kickflip,flip_trick,True,land,directory_heuristic,1280,720,60.0,119,1.98,pass,train,True,True,False
batb_0584,thrasher_batb,data/raw_videos/thrasher_batb/nollie kickflip/nollie flip ishod.mov,ishod_wair,nollie,nollie kickflip,kickflip,flip_trick,True,land,directory_heuristic,1280,720,60.0,146,2.43,pass,train,True,True,False
batb_0585,thrasher_batb,data/raw_videos/thrasher_batb/nollie kickflip/nollie flip joslin copy.mov,chris_joslin,nollie,nollie kickflip,kickflip,flip_trick,True,land,directory_heuristic,1280,720,60.0,127,2.12,pass,test,True,True,False
batb_0586,thrasher_batb,data/raw_videos/thrasher_batb/nollie kickflip/nollie flip joslin.mov,chris_joslin,nollie,nollie kickflip,kickflip,flip_trick,True,land,directory_heuristic,1280,720,60.0,117,1.95,pass,test,True,True,False
batb_0587,thrasher_batb,data/raw_videos/thrasher_batb/nollie kickflip/nollie flip luan.mov,luan_oliveira,nollie,nollie kickflip,kickflip,flip_trick,True,land,directory_heuristic,1280,720,60.0,129,2.15,pass,test,True,True,False
batb_0588,thrasher_batb,data/raw_videos/thrasher_batb/nollie kickflip/nollie flip nick tucker.mov,nick_tucker,nollie,nollie kickflip,kickflip,flip_trick,True,land,directory_heuristic,1280,720,60.0,165,2.75,pass,train,True,True,False
batb_0589,thrasher_batb,data/raw_videos/thrasher_batb/nollie kickflip/nollie flip pj.mov,pj_ladd,nollie,nollie kickflip,kickflip,flip_trick,True,land,directory_heuristic,1280,720,60.0,130,2.17,pass,val,True,True,False
batb_0590,thrasher_batb,data/raw_videos/thrasher_batb/nollie kickflip/nollie flip pudwill.mov,torey_pudwill,nollie,nollie kickflip,kickflip,flip_trick,True,land,directory_heuristic,1280,720,60.0,137,2.28,pass,train,True,True,False
batb_0591,thrasher_batb,data/raw_videos/thrasher_batb/nollie kickflip/nollie flip sean.mov,sean_malto,nollie,nollie kickflip,kickflip,flip_trick,True,land,directory_heuristic,1280,720,60.0,202,3.37,pass,train,True,True,False
batb_0592,thrasher_batb,data/raw_videos/thrasher_batb/nollie kickflip/nollie flip sewa 1.mov,sewa_kroetkov,nollie,nollie kickflip,kickflip,flip_trick,True,land,directory_heuristic,1280,720,56.38,140,2.48,pass,test,True,False,False
batb_0593,thrasher_batb,data/raw_videos/thrasher_batb/nollie kickflip/nollie flip sewa copy 2.mov,sewa_kroetkov,nollie,nollie kickflip,kickflip,flip_trick,True,land,directory_heuristic,1280,720,60.0,129,2.15,pass,test,True,True,False
batb_0594,thrasher_batb,data/raw_videos/thrasher_batb/nollie kickflip/nollie flip sewa copy.mov,sewa_kroetkov,nollie,nollie kickflip,kickflip,flip_trick,True,land,directory_heuristic,1280,720,59.14,137,2.32,pass,test,True,False,False
batb_0595,thrasher_batb,data/raw_videos/thrasher_batb/nollie kickflip/nollie flip sewa.mov,sewa_kroetkov,nollie,nollie kickflip,kickflip,flip_trick,True,land,directory_heuristic,1280,720,60.0,31,0.52,pass,test,False,True,False
batb_0596,thrasher_batb,data/raw_videos/thrasher_batb/nollie kickflip/nollie flip shane copy.mov,shane_oneill,nollie,nollie kickflip,kickflip,flip_trick,True,land,directory_heuristic,1280,720,60.0,120,2.0,pass,val,True,True,False
batb_0597,thrasher_batb,data/raw_videos/thrasher_batb/nollie kickflip/nollie flip shane.mov,shane_oneill,nollie,nollie kickflip,kickflip,flip_trick,True,land,directory_heuristic,1280,720,60.0,123,2.05,pass,val,True,True,False
batb_0598,thrasher_batb,data/raw_videos/thrasher_batb/switch varial heelflip/switch varial heel sean.mov,sean_malto,switch,switch varial heelflip,varial_heelflip,coupled_trick,False,land,directory_heuristic,1280,720,60.0,145,2.42,pass,train,True,True,False
sxl_0001,skaterxl_synthetic,data/raw_videos/skaterxl_synthetic/Quite decent/Skater XL 2020.10.05 - 22.27.36.02.mp4,virtual_avatar,unknown,Skater XL 2020.10.05 - 22.27.36.02,synthetic_action,unsupported,False,unknown,directory_heuristic,1920,1080,60.0,834,13.9,pass,quarantine_synthetic,False,True,False
sxl_0002,skaterxl_synthetic,data/raw_videos/skaterxl_synthetic/Quite decent/Skater XL 2020.10.05 - 22.27.55.03.mp4,virtual_avatar,unknown,Skater XL 2020.10.05 - 22.27.55.03,synthetic_action,unsupported,False,unknown,directory_heuristic,1920,1080,60.0,496,8.27,pass,quarantine_synthetic,True,True,False
sxl_0003,skaterxl_synthetic,data/raw_videos/skaterxl_synthetic/Quite decent/Skater XL 2020.10.05 - 22.28.08.04.mp4,virtual_avatar,unknown,Skater XL 2020.10.05 - 22.28.08.04,synthetic_action,unsupported,False,unknown,directory_heuristic,1920,1080,60.01,770,12.83,pass,quarantine_synthetic,False,True,False
sxl_0004,skaterxl_synthetic,data/raw_videos/skaterxl_synthetic/Quite decent/Skater XL 2020.10.05 - 22.28.27.05.mp4,virtual_avatar,unknown,Skater XL 2020.10.05 - 22.28.27.05,synthetic_action,unsupported,False,unknown,directory_heuristic,1920,1080,60.0,686,11.43,pass,quarantine_synthetic,False,True,False
sxl_0005,skaterxl_synthetic,data/raw_videos/skaterxl_synthetic/Quite decent/Skater XL 2020.10.05 - 22.28.45.06.mp4,virtual_avatar,unknown,Skater XL 2020.10.05 - 22.28.45.06,synthetic_action,unsupported,False,unknown,directory_heuristic,1920,1080,60.01,326,5.43,pass,quarantine_synthetic,True,True,False
sxl_0006,skaterxl_synthetic,data/raw_videos/skaterxl_synthetic/Uncompressed needs autoCuttin/Skater XL 2020.10.05 - 22.39.45.14.mp4,virtual_avatar,unknown,Skater XL 2020.10.05 - 22.39.45.14,synthetic_action,unsupported,False,unknown,directory_heuristic,1920,1080,60.01,620,10.33,pass,quarantine_synthetic,False,True,False
sxl_0007,skaterxl_synthetic,data/raw_videos/skaterxl_synthetic/Uncompressed needs autoCuttin/Skater XL 2020.10.05 - 22.40.02.15.mp4,virtual_avatar,unknown,Skater XL 2020.10.05 - 22.40.02.15,synthetic_action,unsupported,False,unknown,directory_heuristic,1920,1080,60.0,495,8.25,pass,quarantine_synthetic,True,True,False
sxl_0008,skaterxl_synthetic,data/raw_videos/skaterxl_synthetic/Uncompressed needs autoCuttin/Skater XL 2020.10.05 - 22.40.17.16.mp4,virtual_avatar,unknown,Skater XL 2020.10.05 - 22.40.17.16,synthetic_action,unsupported,False,unknown,directory_heuristic,1920,1080,60.03,257,4.28,pass,quarantine_synthetic,True,True,False
sxl_0009,skaterxl_synthetic,data/raw_videos/skaterxl_synthetic/Uncompressed needs autoCuttin/Skater XL 2020.10.05 - 22.40.41.17.mp4,virtual_avatar,unknown,Skater XL 2020.10.05 - 22.40.41.17,synthetic_action,unsupported,False,unknown,directory_heuristic,1920,1080,60.01,534,8.9,pass,quarantine_synthetic,True,True,False
sxl_0010,skaterxl_synthetic,data/raw_videos/skaterxl_synthetic/Uncompressed needs autoCuttin/Skater XL 2020.10.05 - 22.40.58.18.mp4,virtual_avatar,unknown,Skater XL 2020.10.05 - 22.40.58.18,synthetic_action,unsupported,False,unknown,directory_heuristic,1920,1080,60.02,389,6.48,pass,quarantine_synthetic,True,True,False
sxl_0011,skaterxl_synthetic,data/raw_videos/skaterxl_synthetic/Uncompressed needs autoCuttin/Skater XL 2020.10.05 - 22.42.52.21.mp4,virtual_avatar,unknown,Skater XL 2020.10.05 - 22.42.52.21,synthetic_action,unsupported,False,unknown,directory_heuristic,1920,1080,60.04,296,4.93,pass,quarantine_synthetic,True,True,False
sxl_0012,skaterxl_synthetic,data/raw_videos/skaterxl_synthetic/Uncompressed needs autoCuttin/Skater XL 2020.10.05 - 22.43.05.22.mp4,virtual_avatar,unknown,Skater XL 2020.10.05 - 22.43.05.22,synthetic_action,unsupported,False,unknown,directory_heuristic,1920,1080,60.01,533,8.88,pass,quarantine_synthetic,True,True,False
sxl_0013,skaterxl_synthetic,data/raw_videos/skaterxl_synthetic/Uncompressed needs autoCuttin/Skater XL 2020.10.05 - 22.44.26.24.mp4,virtual_avatar,unknown,Skater XL 2020.10.05 - 22.44.26.24,synthetic_action,unsupported,False,unknown,directory_heuristic,1920,1080,59.98,319,5.32,pass,quarantine_synthetic,True,False,False
sxl_0014,skaterxl_synthetic,data/raw_videos/skaterxl_synthetic/Uncompressed needs autoCuttin/Skater XL 2020.10.05 - 22.44.38.25.mp4,virtual_avatar,unknown,Skater XL 2020.10.05 - 22.44.38.25,synthetic_action,unsupported,False,unknown,directory_heuristic,1920,1080,60.0,583,9.72,pass,quarantine_synthetic,True,True,False
sxl_0015,skaterxl_synthetic,data/raw_videos/skaterxl_synthetic/Uncompressed needs autoCuttin/Skater XL 2020.10.05 - 22.45.32.27.mp4,virtual_avatar,unknown,Skater XL 2020.10.05 - 22.45.32.27,synthetic_action,unsupported,False,unknown,directory_heuristic,1920,1080,59.99,865,14.42,pass,quarantine_synthetic,False,False,False
sxl_0016,skaterxl_synthetic,data/raw_videos/skaterxl_synthetic/Uncompressed needs autoCuttin/Skater XL 2020.10.05 - 22.45.51.28.mp4,virtual_avatar,unknown,Skater XL 2020.10.05 - 22.45.51.28,synthetic_action,unsupported,False,unknown,directory_heuristic,1920,1080,60.0,919,15.32,pass,quarantine_synthetic,False,True,False
sxl_0017,skaterxl_synthetic,data/raw_videos/skaterxl_synthetic/Uncompressed needs autoCuttin/Skater XL 2020.10.05 - 22.46.13.29.mp4,virtual_avatar,unknown,Skater XL 2020.10.05 - 22.46.13.29,synthetic_action,unsupported,False,unknown,directory_heuristic,1920,1080,60.0,898,14.97,pass,quarantine_synthetic,False,True,False
sxl_0018,skaterxl_synthetic,data/raw_videos/skaterxl_synthetic/Uncompressed needs autoCuttin/Skater XL 2020.10.05 - 22.53.11.32.mp4,virtual_avatar,unknown,Skater XL 2020.10.05 - 22.53.11.32,synthetic_action,unsupported,False,unknown,directory_heuristic,1920,1080,60.01,431,7.18,pass,quarantine_synthetic,True,True,False
sxl_0019,skaterxl_synthetic,data/raw_videos/skaterxl_synthetic/Uncompressed needs autoCuttin/Skater XL 2020.10.05 - 22.54.14.35.mp4,virtual_avatar,unknown,Skater XL 2020.10.05 - 22.54.14.35,synthetic_action,unsupported,False,unknown,directory_heuristic,1920,1080,60.01,731,12.18,pass,quarantine_synthetic,False,True,False
sxl_0020,skaterxl_synthetic,data/raw_videos/skaterxl_synthetic/Uncompressed needs autoCuttin/Skater XL 2020.10.05 - 22.55.59.37.mp4,virtual_avatar,unknown,Skater XL 2020.10.05 - 22.55.59.37,synthetic_action,unsupported,False,unknown,directory_heuristic,1920,1080,60.0,672,11.2,pass,quarantine_synthetic,False,True,False
sxl_0021,skaterxl_synthetic,data/raw_videos/skaterxl_synthetic/Uncompressed needs autoCuttin/Skater XL 2020.10.06 - 21.41.29.44.mp4,virtual_avatar,unknown,Skater XL 2020.10.06 - 21.41.29.44,synthetic_action,unsupported,False,unknown,directory_heuristic,1920,1080,60.0,1620,27.0,pass,quarantine_synthetic,False,True,False
sxl_0022,skaterxl_synthetic,data/raw_videos/skaterxl_synthetic/Uncompressed needs autoCuttin/Skater XL 2020.10.06 - 21.43.57.45.mp4,virtual_avatar,unknown,Skater XL 2020.10.06 - 21.43.57.45,synthetic_action,unsupported,False,unknown,directory_heuristic,1920,1080,60.0,963,16.05,pass,quarantine_synthetic,False,True,False
sxl_0023,skaterxl_synthetic,data/raw_videos/skaterxl_synthetic/Uncompressed needs autoCuttin/Skater XL 2020.10.06 - 21.52.32.51.mp4,virtual_avatar,unknown,Skater XL 2020.10.06 - 21.52.32.51,synthetic_action,unsupported,False,unknown,directory_heuristic,1920,1080,60.0,2075,34.58,pass,quarantine_synthetic,False,True,False
sxl_0024,skaterxl_synthetic,data/raw_videos/skaterxl_synthetic/Uncompressed needs autoCuttin/Skater XL 2020.10.06 - 21.56.43.54.mp4,virtual_avatar,unknown,Skater XL 2020.10.06 - 21.56.43.54,synthetic_action,unsupported,False,unknown,directory_heuristic,1920,1080,60.0,1599,26.65,pass,quarantine_synthetic,False,True,False
sbml_o01,skateboard_ml,data/raw_videos/skateboard_ml/Ollie/Ollie1.mov,sbml_skater_tarmac,regular,Ollie,ollie,linear,True,land,visual_audit,1920,1080,29.98,162,2.37,pass,train,True,False,False
sbml_o02,skateboard_ml,data/raw_videos/skateboard_ml/Ollie/Ollie6.mov,sbml_skater_redcourt,regular,Ollie,ollie,linear,True,land,visual_audit,1280,720,29.91,59,1.97,pass,train,True,False,False
sbml_o03,skateboard_ml,data/raw_videos/skateboard_ml/Ollie/Ollie7.mov,sbml_skater_industrial,regular,Ollie,ollie,linear,True,land,visual_audit,1280,720,29.98,38,2.1,pass,train,True,False,False
sbml_o04,skateboard_ml,data/raw_videos/skateboard_ml/Ollie/Ollie8.mov,sbml_skater_industrial,regular,Ollie,ollie,linear,True,land,visual_audit,1280,720,29.98,181,2.33,low_confidence,train,True,False,False
sbml_o05,skateboard_ml,data/raw_videos/skateboard_ml/Ollie/Ollie11.mov,sbml_skater_palmtree,regular,Ollie,ollie,linear,True,land,visual_audit,1280,720,29.76,57,1.92,pass,train,True,False,False
sbml_o06,skateboard_ml,data/raw_videos/skateboard_ml/Ollie/Ollie14.mov,sbml_skater_palmtree,regular,Ollie,ollie,linear,True,land,visual_audit,1280,720,29.98,43,2.2,pass,train,True,False,False
sbml_o07,skateboard_ml,data/raw_videos/skateboard_ml/Ollie/Ollie18.mov,sbml_skater_roadline,regular,Ollie,ollie,linear,True,land,visual_audit,1280,720,30.2,67,2.22,pass,train,True,False,False
sbml_o08,skateboard_ml,data/raw_videos/skateboard_ml/Ollie/Ollie19.mov,sbml_skater_roadline,regular,Ollie,ollie,linear,True,land,visual_audit,1280,720,30.09,112,3.72,low_confidence,train,True,False,False
sbml_o09,skateboard_ml,data/raw_videos/skateboard_ml/Ollie/Ollie20.mov,sbml_skater_parkdrop,regular,Ollie,ollie,linear,True,land,visual_audit,1920,1080,30.0,158,2.5,low_confidence,train,True,False,False
sbml_o10,skateboard_ml,data/raw_videos/skateboard_ml/Ollie/Ollie65.mov,sbml_skater_court,regular,Ollie,ollie,linear,True,land,visual_audit,1920,1080,30.24,64,2.12,low_confidence,train,True,False,False
sbml_o11,skateboard_ml,data/raw_videos/skateboard_ml/Ollie/Ollie70.mov,sbml_skater_court,regular,Ollie,ollie,linear,True,land,visual_audit,1920,1080,29.98,70,2.33,pass,train,True,False,False
sbml_o12,skateboard_ml,data/raw_videos/skateboard_ml/Ollie/Ollie80.mov,sbml_skater_court,regular,Ollie,ollie,linear,True,land,visual_audit,1920,1080,30.13,57,1.89,pass,train,True,False,False
sbml_o13,skateboard_ml,data/raw_videos/skateboard_ml/Ollie/Ollie90.mov,sbml_skater_court,regular,Ollie,ollie,linear,True,land,visual_audit,1920,1080,30.44,52,1.71,pass,train,True,False,False
sbml_o14,skateboard_ml,data/raw_videos/skateboard_ml/Ollie/Ollie105.mov,sbml_skater_camo,regular,Ollie,ollie,linear,True,land,visual_audit,1920,1080,30.15,103,3.42,pass,train,True,False,False
sbml_o15,skateboard_ml,data/raw_videos/skateboard_ml/Ollie/Ollie107.mov,sbml_skater_camo,regular,Ollie,ollie,linear,True,land,visual_audit,1920,1080,30.71,50,1.63,pass,train,True,False,False
